,0,1,2,nombre,fecha,lat,lon
0,IIL_A76A,20230818120000,-51.4500,-38.1900
1,IIL_A76A,20230818130000,-51.4483,-38.1887
2,IIL_A76A,20230818140000,-51.4466,-38.1880
3,IIL_A76A,20230818150000,-51.4448,-38.1876
4,IIL_A76A,20230818160000,-51.4430,-38.1878
5,IIL_A76A,20230818170000,-51.4414,-38.1885
6,IIL_A76A,20230818180000,-51.4399,-38.1896
7,IIL_A76A,20230818190000,-51.4387,-38.1912
8,IIL_A76A,20230818200000,-51.4378,-38.1930
9,IIL_A76A,20230818210000,-51.4373,-38.1950
10,IIL_A76A,20230818220000,-51.4371,-38.1970
11,IIL_A76A,20230818230000,-51.4374,-38.1988
12,IIL_A76A,20230819000000,-51.4381,-38.2003
13,IIL_A76A,20230819010000,-51.4391,-38.2012
14,IIL_A76A,20230819020000,-51.4403,-38.2015
15,IIL_A76A,20230819030000,-51.4415,-38.2012
16,IIL_A76A,20230819040000,-51.4427,-38.2002
17,IIL_A76A,20230819050000,-51.4438,-38.1987
18,IIL_A76A,20230819060000,-51.4446,-38.1967
19,IIL_A76A,20230819070000,-51.4452,-38.1944
20,IIL_A76A,20230819080000,-51.4455,-38.1918
21,IIL_A76A,20230819090000,-51.4455,-38.1891
22,IIL_A76A,20230819100000,-51.4452,-38.1865
23,IIL_A76A,20230819110000,-51.4446,-38.1841
24,IIL_A76A,20230819120000,-51.4438,-38.1819
25,IIL_A76A,20230819130000,-51.4427,-38.1802
26,IIL_A76A,20230819140000,-51.4415,-38.1788
27,IIL_A76A,20230819150000,-51.4402,-38.1779
28,IIL_A76A,20230819160000,-51.4390,-38.1775
29,IIL_A76A,20230819170000,-51.4379,-38.1775
30,IIL_A76A,20230819180000,-51.4371,-38.1779
31,IIL_A76A,20230819190000,-51.4367,-38.1787
32,IIL_A76A,20230819200000,-51.4368,-38.1795
33,IIL_A76A,20230819210000,-51.4373,-38.1801
34,IIL_A76A,20230819220000,-51.4381,-38.1803
35,IIL_A76A,20230819230000,-51.4392,-38.1800
36,IIL_A76A,20230820000000,-51.4404,-38.1792
37,IIL_A76A,20230820010000,-51.4417,-38.1780
38,IIL_A76A,20230820020000,-51.4430,-38.1763
39,IIL_A76A,20230820030000,-51.4442,-38.1743
40,IIL_A76A,20230820040000,-51.4453,-38.1720
41,IIL_A76A,20230820050000,-51.4463,-38.1695
42,IIL_A76A,20230820060000,-51.4472,-38.1669
43,IIL_A76A,20230820070000,-51.4479,-38.1641
44,IIL_A76A,20230820080000,-51.4484,-38.1612
45,IIL_A76A,20230820090000,-51.4488,-38.1584
46,IIL_A76A,20230820100000,-51.4490,-38.1556
47,IIL_A76A,20230820110000,-51.4491,-38.1529
48,IIL_A76A,20230820120000,-51.4490,-38.1503
49,IIL_A76A,20230820130000,-51.4489,-38.1479
50,IIL_A76A,20230820140000,-51.4487,-38.1458
51,IIL_A76A,20230820150000,-51.4484,-38.1440
52,IIL_A76A,20230820160000,-51.4482,-38.1425
53,IIL_A76A,20230820170000,-51.4482,-38.1414
54,IIL_A76A,20230820180000,-51.4483,-38.1406
55,IIL_A76A,20230820190000,-51.4487,-38.1401
56,IIL_A76A,20230820200000,-51.4494,-38.1398
57,IIL_A76A,20230820210000,-51.4503,-38.1396
58,IIL_A76A,20230820220000,-51.4514,-38.1394
59,IIL_A76A,20230820230000,-51.4528,-38.1390
60,IIL_A76A,20230821000000,-51.4543,-38.1384
61,IIL_A76A,20230821010000,-51.4560,-38.1376
62,IIL_A76A,20230821020000,-51.4577,-38.1364
63,IIL_A76A,20230821030000,-51.4595,-38.1350
64,IIL_A76A,20230821040000,-51.4613,-38.1332
65,IIL_A76A,20230821050000,-51.4630,-38.1311
66,IIL_A76A,20230821060000,-51.4648,-38.1288
67,IIL_A76A,20230821070000,-51.4665,-38.1261
68,IIL_A76A,20230821080000,-51.4681,-38.1233
69,IIL_A76A,20230821090000,-51.4695,-38.1202
70,IIL_A76A,20230821100000,-51.4709,-38.1170
71,IIL_A76A,20230821110000,-51.4722,-38.1137
72,IIL_A76A,20230821120000,-51.4733,-38.1103
73,IIL_A76A,20230821130000,-51.4743,-38.1069
74,IIL_A76A,20230821140000,-51.4752,-38.1034
75,IIL_A76A,20230821150000,-51.4759,-38.1000
76,IIL_A76A,20230821160000,-51.4765,-38.0967
77,IIL_A76A,20230821170000,-51.4769,-38.0935
78,IIL_A76A,20230821180000,-51.4773,-38.0905
79,IIL_A76A,20230821190000,-51.4776,-38.0877
80,IIL_A76A,20230821200000,-51.4779,-38.0852
81,IIL_A76A,20230821210000,-51.4783,-38.0830
82,IIL_A76A,20230821220000,-51.4787,-38.0812
83,IIL_A76A,20230821230000,-51.4792,-38.0798
84,IIL_A76A,20230822000000,-51.4800,-38.0788
85,IIL_A76A,20230822010000,-51.4812,-38.0782
86,IIL_A76A,20230822020000,-51.4825,-38.0778
87,IIL_A76A,20230822030000,-51.4842,-38.0774
88,IIL_A76A,20230822040000,-51.4861,-38.0770
89,IIL_A76A,20230822050000,-51.4882,-38.0765
90,IIL_A76A,20230822060000,-51.4905,-38.0758
91,IIL_A76A,20230822070000,-51.4929,-38.0747
92,IIL_A76A,20230822080000,-51.4955,-38.0734
93,IIL_A76A,20230822090000,-51.4980,-38.0717
94,IIL_A76A,20230822100000,-51.5006,-38.0696
95,IIL_A76A,20230822110000,-51.5032,-38.0672
96,IIL_A76A,20230822120000,-51.5057,-38.0645
97,IIL_A76F,20230818120000,-51.3200,-37.2300
98,IIL_A76F,20230818130000,-51.3183,-37.2295
99,IIL_A76F,20230818140000,-51.3165,-37.2294
100,IIL_A76F,20230818150000,-51.3146,-37.2298
101,IIL_A76F,20230818160000,-51.3127,-37.2305
102,IIL_A76F,20230818170000,-51.3109,-37.2317
103,IIL_A76F,20230818180000,-51.3092,-37.2332
104,IIL_A76F,20230818190000,-51.3076,-37.2352
105,IIL_A76F,20230818200000,-51.3062,-37.2374
106,IIL_A76F,20230818210000,-51.3050,-37.2398
107,IIL_A76F,20230818220000,-51.3040,-37.2424
108,IIL_A76F,20230818230000,-51.3034,-37.2451
109,IIL_A76F,20230819000000,-51.3029,-37.2476
110,IIL_A76F,20230819010000,-51.3028,-37.2501
111,IIL_A76F,20230819020000,-51.3029,-37.2523
112,IIL_A76F,20230819030000,-51.3032,-37.2541
113,IIL_A76F,20230819040000,-51.3037,-37.2555
114,IIL_A76F,20230819050000,-51.3044,-37.2561
115,IIL_A76F,20230819060000,-51.3050,-37.2560
116,IIL_A76F,20230819070000,-51.3054,-37.2551
117,IIL_A76F,20230819080000,-51.3056,-37.2538
118,IIL_A76F,20230819090000,-51.3056,-37.2520
119,IIL_A76F,20230819100000,-51.3052,-37.2501
120,IIL_A76F,20230819110000,-51.3046,-37.2481
121,IIL_A76F,20230819120000,-51.3036,-37.2462
122,IIL_A76F,20230819130000,-51.3023,-37.2446
123,IIL_A76F,20230819140000,-51.3007,-37.2434
124,IIL_A76F,20230819150000,-51.2990,-37.2426
125,IIL_A76F,20230819160000,-51.2972,-37.2422
126,IIL_A76F,20230819170000,-51.2954,-37.2422
127,IIL_A76F,20230819180000,-51.2938,-37.2427
128,IIL_A76F,20230819190000,-51.2923,-37.2435
129,IIL_A76F,20230819200000,-51.2911,-37.2446
130,IIL_A76F,20230819210000,-51.2901,-37.2459
131,IIL_A76F,20230819220000,-51.2895,-37.2473
132,IIL_A76F,20230819230000,-51.2892,-37.2486
133,IIL_A76F,20230820000000,-51.2893,-37.2498
134,IIL_A76F,20230820010000,-51.2897,-37.2506
135,IIL_A76F,20230820020000,-51.2903,-37.2509
136,IIL_A76F,20230820030000,-51.2911,-37.2505
137,IIL_A76F,20230820040000,-51.2919,-37.2495
138,IIL_A76F,20230820050000,-51.2925,-37.2480
139,IIL_A76F,20230820060000,-51.2929,-37.2462
140,IIL_A76F,20230820070000,-51.2930,-37.2442
141,IIL_A76F,20230820080000,-51.2930,-37.2420
142,IIL_A76F,20230820090000,-51.2926,-37.2399
143,IIL_A76F,20230820100000,-51.2921,-37.2378
144,IIL_A76F,20230820110000,-51.2914,-37.2360
145,IIL_A76F,20230820120000,-51.2905,-37.2344
146,IIL_A76F,20230820130000,-51.2895,-37.2332
147,IIL_A76F,20230820140000,-51.2885,-37.2324
148,IIL_A76F,20230820150000,-51.2875,-37.2320
149,IIL_A76F,20230820160000,-51.2867,-37.2321
150,IIL_A76F,20230820170000,-51.2860,-37.2327
151,IIL_A76F,20230820180000,-51.2857,-37.2336
152,IIL_A76F,20230820190000,-51.2857,-37.2347
153,IIL_A76F,20230820200000,-51.2861,-37.2357
154,IIL_A76F,20230820210000,-51.2868,-37.2367
155,IIL_A76F,20230820220000,-51.2878,-37.2373
156,IIL_A76F,20230820230000,-51.2890,-37.2376
157,IIL_A76F,20230821000000,-51.2903,-37.2375
158,IIL_A76F,20230821010000,-51.2917,-37.2369
159,IIL_A76F,20230821020000,-51.2931,-37.2359
160,IIL_A76F,20230821030000,-51.2945,-37.2346
161,IIL_A76F,20230821040000,-51.2958,-37.2328
162,IIL_A76F,20230821050000,-51.2971,-37.2307
163,IIL_A76F,20230821060000,-51.2982,-37.2283
164,IIL_A76F,20230821070000,-51.2991,-37.2258
165,IIL_A76F,20230821080000,-51.2999,-37.2231
166,IIL_A76F,20230821090000,-51.3006,-37.2204
167,IIL_A76F,20230821100000,-51.3011,-37.2176
168,IIL_A76F,20230821110000,-51.3014,-37.2150
169,IIL_A76F,20230821120000,-51.3017,-37.2124
170,IIL_A76F,20230821130000,-51.3018,-37.2101
171,IIL_A76F,20230821140000,-51.3019,-37.2079
172,IIL_A76F,20230821150000,-51.3019,-37.2061
173,IIL_A76F,20230821160000,-51.3019,-37.2045
174,IIL_A76F,20230821170000,-51.3021,-37.2033
175,IIL_A76F,20230821180000,-51.3024,-37.2024
176,IIL_A76F,20230821190000,-51.3029,-37.2019
177,IIL_A76F,20230821200000,-51.3038,-37.2017
178,IIL_A76F,20230821210000,-51.3049,-37.2016
179,IIL_A76F,20230821220000,-51.3062,-37.2017
180,IIL_A76F,20230821230000,-51.3077,-37.2017
181,IIL_A76F,20230822000000,-51.3095,-37.2017
182,IIL_A76F,20230822010000,-51.3115,-37.2017
183,IIL_A76F,20230822020000,-51.3137,-37.2015
184,IIL_A76F,20230822030000,-51.3160,-37.2011
185,IIL_A76F,20230822040000,-51.3185,-37.2005
186,IIL_A76F,20230822050000,-51.3211,-37.1996
187,IIL_A76F,20230822060000,-51.3238,-37.1984
188,IIL_A76F,20230822070000,-51.3265,-37.1969
189,IIL_A76F,20230822080000,-51.3292,-37.1950
190,IIL_A76F,20230822090000,-51.3319,-37.1928
191,IIL_A76F,20230822100000,-51.3346,-37.1904
192,IIL_A76F,20230822110000,-51.3372,-37.1876
193,IIL_A76F,20230822120000,-51.3397,-37.1846
194,IIL_A76H,20230818120000,-52.5300,-38.2200
195,IIL_A76H,20230818130000,-52.5278,-38.2228
196,IIL_A76H,20230818140000,-52.5255,-38.2255
197,IIL_A76H,20230818150000,-52.5231,-38.2279
198,IIL_A76H,20230818160000,-52.5206,-38.2302
199,IIL_A76H,20230818170000,-52.5180,-38.2324
200,IIL_A76H,20230818180000,-52.5153,-38.2345
201,IIL_A76H,20230818190000,-52.5125,-38.2365
202,IIL_A76H,20230818200000,-52.5096,-38.2385
203,IIL_A76H,20230818210000,-52.5066,-38.2406
204,IIL_A76H,20230818220000,-52.5035,-38.2427
205,IIL_A76H,20230818230000,-52.5004,-38.2449
206,IIL_A76H,20230819000000,-52.4972,-38.2472
207,IIL_A76H,20230819010000,-52.4939,-38.2496
208,IIL_A76H,20230819020000,-52.4907,-38.2522
209,IIL_A76H,20230819030000,-52.4874,-38.2549
210,IIL_A76H,20230819040000,-52.4841,-38.2579
211,IIL_A76H,20230819050000,-52.4807,-38.2610
212,IIL_A76H,20230819060000,-52.4774,-38.2643
213,IIL_A76H,20230819070000,-52.4742,-38.2678
214,IIL_A76H,20230819080000,-52.4709,-38.2715
215,IIL_A76H,20230819090000,-52.4678,-38.2754
216,IIL_A76H,20230819100000,-52.4647,-38.2796
217,IIL_A76H,20230819110000,-52.4616,-38.2839
218,IIL_A76H,20230819120000,-52.4587,-38.2884
219,IIL_A76H,20230819130000,-52.4558,-38.2932
220,IIL_A76H,20230819140000,-52.4531,-38.2981
221,IIL_A76H,20230819150000,-52.4504,-38.3032
222,IIL_A76H,20230819160000,-52.4479,-38.3084
223,IIL_A76H,20230819170000,-52.4456,-38.3138
224,IIL_A76H,20230819180000,-52.4434,-38.3193
225,IIL_A76H,20230819190000,-52.4414,-38.3248
226,IIL_A76H,20230819200000,-52.4396,-38.3305
227,IIL_A76H,20230819210000,-52.4380,-38.3362
228,IIL_A76H,20230819220000,-52.4366,-38.3419
229,IIL_A76H,20230819230000,-52.4354,-38.3476
230,IIL_A76H,20230820000000,-52.4344,-38.3532
231,IIL_A76H,20230820010000,-52.4337,-38.3587
232,IIL_A76H,20230820020000,-52.4333,-38.3641
233,IIL_A76H,20230820030000,-52.4330,-38.3693
234,IIL_A76H,20230820040000,-52.4330,-38.3743
235,IIL_A76H,20230820050000,-52.4332,-38.3791
236,IIL_A76H,20230820060000,-52.4336,-38.3836
237,IIL_A76H,20230820070000,-52.4341,-38.3878
238,IIL_A76H,20230820080000,-52.4347,-38.3916
239,IIL_A76H,20230820090000,-52.4353,-38.3951
240,IIL_A76H,20230820100000,-52.4360,-38.3983
241,IIL_A76H,20230820110000,-52.4367,-38.4010
242,IIL_A76H,20230820120000,-52.4373,-38.4034
243,IIL_A76H,20230820130000,-52.4378,-38.4055
244,IIL_A76H,20230820140000,-52.4380,-38.4074
245,IIL_A76H,20230820150000,-52.4380,-38.4091
246,IIL_A76H,20230820160000,-52.4377,-38.4108
247,IIL_A76H,20230820170000,-52.4371,-38.4125
248,IIL_A76H,20230820180000,-52.4364,-38.4144
249,IIL_A76H,20230820190000,-52.4354,-38.4165
250,IIL_A76H,20230820200000,-52.4344,-38.4189
251,IIL_A76H,20230820210000,-52.4332,-38.4216
252,IIL_A76H,20230820220000,-52.4321,-38.4247
253,IIL_A76H,20230820230000,-52.4310,-38.4280
254,IIL_A76H,20230821000000,-52.4299,-38.4317
255,IIL_A76H,20230821010000,-52.4289,-38.4356
256,IIL_A76H,20230821020000,-52.4280,-38.4398
257,IIL_A76H,20230821030000,-52.4273,-38.4442
258,IIL_A76H,20230821040000,-52.4268,-38.4488
259,IIL_A76H,20230821050000,-52.4264,-38.4534
260,IIL_A76H,20230821060000,-52.4262,-38.4582
261,IIL_A76H,20230821070000,-52.4263,-38.4630
262,IIL_A76H,20230821080000,-52.4265,-38.4679
263,IIL_A76H,20230821090000,-52.4270,-38.4726
264,IIL_A76H,20230821100000,-52.4276,-38.4773
265,IIL_A76H,20230821110000,-52.4285,-38.4818
266,IIL_A76H,20230821120000,-52.4295,-38.4862
267,IIL_A76H,20230821130000,-52.4307,-38.4904
268,IIL_A76H,20230821140000,-52.4321,-38.4944
269,IIL_A76H,20230821150000,-52.4336,-38.4981
270,IIL_A76H,20230821160000,-52.4352,-38.5016
271,IIL_A76H,20230821170000,-52.4368,-38.5049
272,IIL_A76H,20230821180000,-52.4386,-38.5078
273,IIL_A76H,20230821190000,-52.4404,-38.5106
274,IIL_A76H,20230821200000,-52.4422,-38.5131
275,IIL_A76H,20230821210000,-52.4440,-38.5154
276,IIL_A76H,20230821220000,-52.4458,-38.5175
277,IIL_A76H,20230821230000,-52.4475,-38.5195
278,IIL_A76H,20230822000000,-52.4492,-38.5215
279,IIL_A76H,20230822010000,-52.4509,-38.5234
280,IIL_A76H,20230822020000,-52.4525,-38.5253
281,IIL_A76H,20230822030000,-52.4540,-38.5272
282,IIL_A76H,20230822040000,-52.4556,-38.5292
283,IIL_A76H,20230822050000,-52.4570,-38.5313
284,IIL_A76H,20230822060000,-52.4585,-38.5335
285,IIL_A76H,20230822070000,-52.4599,-38.5358
286,IIL_A76H,20230822080000,-52.4613,-38.5383
287,IIL_A76H,20230822090000,-52.4628,-38.5410
288,IIL_A76H,20230822100000,-52.4643,-38.5437
289,IIL_A76H,20230822110000,-52.4659,-38.5466
290,IIL_A76H,20230822120000,-52.4675,-38.5495
291,IIL_A76G,20230818120000,-54.1600,-40.2400
292,IIL_A76G,20230818130000,-54.1589,-40.2417
293,IIL_A76G,20230818140000,-54.1579,-40.2435
294,IIL_A76G,20230818150000,-54.1568,-40.2455
295,IIL_A76G,20230818160000,-54.1558,-40.2476
296,IIL_A76G,20230818170000,-54.1551,-40.2499
297,IIL_A76G,20230818180000,-54.1546,-40.2524
298,IIL_A76G,20230818190000,-54.1543,-40.2549
299,IIL_A76G,20230818200000,-54.1544,-40.2573
300,IIL_A76G,20230818210000,-54.1546,-40.2595
301,IIL_A76G,20230818220000,-54.1551,-40.2615
302,IIL_A76G,20230818230000,-54.1557,-40.2630
303,IIL_A76G,20230819000000,-54.1565,-40.2640
304,IIL_A76G,20230819010000,-54.1571,-40.2645
305,IIL_A76G,20230819020000,-54.1576,-40.2644
306,IIL_A76G,20230819030000,-54.1576,-40.2638
307,IIL_A76G,20230819040000,-54.1572,-40.2631
308,IIL_A76G,20230819050000,-54.1565,-40.2626
309,IIL_A76G,20230819060000,-54.1555,-40.2623
310,IIL_A76G,20230819070000,-54.1543,-40.2624
311,IIL_A76G,20230819080000,-54.1531,-40.2630
312,IIL_A76G,20230819090000,-54.1519,-40.2640
313,IIL_A76G,20230819100000,-54.1508,-40.2653
314,IIL_A76G,20230819110000,-54.1499,-40.2670
315,IIL_A76G,20230819120000,-54.1493,-40.2690
316,IIL_A76G,20230819130000,-54.1488,-40.2710
317,IIL_A76G,20230819140000,-54.1487,-40.2731
318,IIL_A76G,20230819150000,-54.1487,-40.2751
319,IIL_A76G,20230819160000,-54.1490,-40.2769
320,IIL_A76G,20230819170000,-54.1496,-40.2784
321,IIL_A76G,20230819180000,-54.1502,-40.2794
322,IIL_A76G,20230819190000,-54.1510,-40.2800
323,IIL_A76G,20230819200000,-54.1517,-40.2800
324,IIL_A76G,20230819210000,-54.1524,-40.2795
325,IIL_A76G,20230819220000,-54.1528,-40.2786
326,IIL_A76G,20230819230000,-54.1531,-40.2775
327,IIL_A76G,20230820000000,-54.1530,-40.2763
328,IIL_A76G,20230820010000,-54.1527,-40.2752
329,IIL_A76G,20230820020000,-54.1522,-40.2744
330,IIL_A76G,20230820030000,-54.1516,-40.2739
331,IIL_A76G,20230820040000,-54.1509,-40.2738
332,IIL_A76G,20230820050000,-54.1502,-40.2741
333,IIL_A76G,20230820060000,-54.1497,-40.2748
334,IIL_A76G,20230820070000,-54.1494,-40.2757
335,IIL_A76G,20230820080000,-54.1493,-40.2767
336,IIL_A76G,20230820090000,-54.1494,-40.2776
337,IIL_A76G,20230820100000,-54.1498,-40.2782
338,IIL_A76G,20230820110000,-54.1503,-40.2785
339,IIL_A76G,20230820120000,-54.1508,-40.2784
340,IIL_A76G,20230820130000,-54.1513,-40.2780
341,IIL_A76G,20230820140000,-54.1518,-40.2774
342,IIL_A76G,20230820150000,-54.1521,-40.2767
343,IIL_A76G,20230820160000,-54.1524,-40.2759
344,IIL_A76G,20230820170000,-54.1526,-40.2752
345,IIL_A76G,20230820180000,-54.1526,-40.2747
346,IIL_A76G,20230820190000,-54.1527,-40.2743
347,IIL_A76G,20230820200000,-54.1528,-40.2743
348,IIL_A76G,20230820210000,-54.1529,-40.2744
349,IIL_A76G,20230820220000,-54.1532,-40.2748
350,IIL_A76G,20230820230000,-54.1536,-40.2752
351,IIL_A76G,20230821000000,-54.1542,-40.2756
352,IIL_A76G,20230821010000,-54.1549,-40.2760
353,IIL_A76G,20230821020000,-54.1558,-40.2763
354,IIL_A76G,20230821030000,-54.1567,-40.2764
355,IIL_A76G,20230821040000,-54.1578,-40.2762
356,IIL_A76G,20230821050000,-54.1589,-40.2759
357,IIL_A76G,20230821060000,-54.1600,-40.2754
358,IIL_A76G,20230821070000,-54.1611,-40.2746
359,IIL_A76G,20230821080000,-54.1623,-40.2737
360,IIL_A76G,20230821090000,-54.1634,-40.2727
361,IIL_A76G,20230821100000,-54.1645,-40.2715
362,IIL_A76G,20230821110000,-54.1656,-40.2702
363,IIL_A76G,20230821120000,-54.1666,-40.2689
364,IIL_A76G,20230821130000,-54.1677,-40.2675
365,IIL_A76G,20230821140000,-54.1688,-40.2661
366,IIL_A76G,20230821150000,-54.1699,-40.2647
367,IIL_A76G,20230821160000,-54.1710,-40.2633
368,IIL_A76G,20230821170000,-54.1722,-40.2618
369,IIL_A76G,20230821180000,-54.1734,-40.2604
370,IIL_A76G,20230821190000,-54.1747,-40.2588
371,IIL_A76G,20230821200000,-54.1760,-40.2573
372,IIL_A76G,20230821210000,-54.1773,-40.2557
373,IIL_A76G,20230821220000,-54.1786,-40.2541
374,IIL_A76G,20230821230000,-54.1800,-40.2525
375,IIL_A76G,20230822000000,-54.1814,-40.2510
376,IIL_A76G,20230822010000,-54.1829,-40.2495
377,IIL_A76G,20230822020000,-54.1844,-40.2480
378,IIL_A76G,20230822030000,-54.1859,-40.2465
379,IIL_A76G,20230822040000,-54.1874,-40.2451
380,IIL_A76G,20230822050000,-54.1890,-40.2438
381,IIL_A76G,20230822060000,-54.1907,-40.2425
382,IIL_A76G,20230822070000,-54.1924,-40.2414
383,IIL_A76G,20230822080000,-54.1943,-40.2405
384,IIL_A76G,20230822090000,-54.1962,-40.2397
385,IIL_A76G,20230822100000,-54.1983,-40.2391
386,IIL_A76G,20230822110000,-54.2005,-40.2386
387,IIL_A76G,20230822120000,-54.2028,-40.2381
388,IIL_A76L,20230818120000,-52.4300,-41.4700
389,IIL_A76L,20230818130000,-52.4281,-41.4698
390,IIL_A76L,20230818140000,-52.4263,-41.4698
391,IIL_A76L,20230818150000,-52.4245,-41.4701
392,IIL_A76L,20230818160000,-52.4228,-41.4705
393,IIL_A76L,20230818170000,-52.4213,-41.4711
394,IIL_A76L,20230818180000,-52.4198,-41.4718
395,IIL_A76L,20230818190000,-52.4186,-41.4725
396,IIL_A76L,20230818200000,-52.4176,-41.4731
397,IIL_A76L,20230818210000,-52.4167,-41.4735
398,IIL_A76L,20230818220000,-52.4160,-41.4737
399,IIL_A76L,20230818230000,-52.4154,-41.4736
400,IIL_A76L,20230819000000,-52.4149,-41.4731
401,IIL_A76L,20230819010000,-52.4143,-41.4723
402,IIL_A76L,20230819020000,-52.4138,-41.4712
403,IIL_A76L,20230819030000,-52.4132,-41.4699
404,IIL_A76L,20230819040000,-52.4125,-41.4685
405,IIL_A76L,20230819050000,-52.4117,-41.4670
406,IIL_A76L,20230819060000,-52.4109,-41.4655
407,IIL_A76L,20230819070000,-52.4100,-41.4639
408,IIL_A76L,20230819080000,-52.4091,-41.4625
409,IIL_A76L,20230819090000,-52.4082,-41.4610
410,IIL_A76L,20230819100000,-52.4072,-41.4597
411,IIL_A76L,20230819110000,-52.4061,-41.4584
412,IIL_A76L,20230819120000,-52.4051,-41.4572
413,IIL_A76L,20230819130000,-52.4041,-41.4561
414,IIL_A76L,20230819140000,-52.4031,-41.4550
415,IIL_A76L,20230819150000,-52.4021,-41.4540
416,IIL_A76L,20230819160000,-52.4012,-41.4531
417,IIL_A76L,20230819170000,-52.4003,-41.4523
418,IIL_A76L,20230819180000,-52.3995,-41.4514
419,IIL_A76L,20230819190000,-52.3987,-41.4505
420,IIL_A76L,20230819200000,-52.3981,-41.4496
421,IIL_A76L,20230819210000,-52.3975,-41.4486
422,IIL_A76L,20230819220000,-52.3970,-41.4475
423,IIL_A76L,20230819230000,-52.3965,-41.4464
424,IIL_A76L,20230820000000,-52.3960,-41.4453
425,IIL_A76L,20230820010000,-52.3955,-41.4441
426,IIL_A76L,20230820020000,-52.3950,-41.4429
427,IIL_A76L,20230820030000,-52.3946,-41.4417
428,IIL_A76L,20230820040000,-52.3941,-41.4404
429,IIL_A76L,20230820050000,-52.3938,-41.4391
430,IIL_A76L,20230820060000,-52.3935,-41.4376
431,IIL_A76L,20230820070000,-52.3932,-41.4360
432,IIL_A76L,20230820080000,-52.3929,-41.4342
433,IIL_A76L,20230820090000,-52.3926,-41.4324
434,IIL_A76L,20230820100000,-52.3923,-41.4305
435,IIL_A76L,20230820110000,-52.3919,-41.4286
436,IIL_A76L,20230820120000,-52.3914,-41.4269
437,IIL_A76L,20230820130000,-52.3909,-41.4252
438,IIL_A76L,20230820140000,-52.3904,-41.4237
439,IIL_A76L,20230820150000,-52.3899,-41.4223
440,IIL_A76L,20230820160000,-52.3894,-41.4211
441,IIL_A76L,20230820170000,-52.3890,-41.4200
442,IIL_A76L,20230820180000,-52.3888,-41.4191
443,IIL_A76L,20230820190000,-52.3887,-41.4182
444,IIL_A76L,20230820200000,-52.3887,-41.4174
445,IIL_A76L,20230820210000,-52.3890,-41.4166
446,IIL_A76L,20230820220000,-52.3893,-41.4157
447,IIL_A76L,20230820230000,-52.3899,-41.4147
448,IIL_A76L,20230821000000,-52.3905,-41.4136
449,IIL_A76L,20230821010000,-52.3912,-41.4123
450,IIL_A76L,20230821020000,-52.3919,-41.4109
451,IIL_A76L,20230821030000,-52.3927,-41.4093
452,IIL_A76L,20230821040000,-52.3936,-41.4075
453,IIL_A76L,20230821050000,-52.3944,-41.4055
454,IIL_A76L,20230821060000,-52.3953,-41.4035
455,IIL_A76L,20230821070000,-52.3962,-41.4013
456,IIL_A76L,20230821080000,-52.3971,-41.3990
457,IIL_A76L,20230821090000,-52.3980,-41.3966
458,IIL_A76L,20230821100000,-52.3988,-41.3940
459,IIL_A76L,20230821110000,-52.3996,-41.3913
460,IIL_A76L,20230821120000,-52.4003,-41.3885
461,IIL_A76L,20230821130000,-52.4009,-41.3857
462,IIL_A76L,20230821140000,-52.4014,-41.3829
463,IIL_A76L,20230821150000,-52.4019,-41.3802
464,IIL_A76L,20230821160000,-52.4023,-41.3776
465,IIL_A76L,20230821170000,-52.4026,-41.3751
466,IIL_A76L,20230821180000,-52.4030,-41.3728
467,IIL_A76L,20230821190000,-52.4033,-41.3707
468,IIL_A76L,20230821200000,-52.4037,-41.3688
469,IIL_A76L,20230821210000,-52.4042,-41.3673
470,IIL_A76L,20230821220000,-52.4049,-41.3661
471,IIL_A76L,20230821230000,-52.4057,-41.3653
472,IIL_A76L,20230822000000,-52.4069,-41.3648
473,IIL_A76L,20230822010000,-52.4082,-41.3644
474,IIL_A76L,20230822020000,-52.4098,-41.3641
475,IIL_A76L,20230822030000,-52.4116,-41.3637
476,IIL_A76L,20230822040000,-52.4136,-41.3633
477,IIL_A76L,20230822050000,-52.4158,-41.3627
478,IIL_A76L,20230822060000,-52.4180,-41.3619
479,IIL_A76L,20230822070000,-52.4204,-41.3610
480,IIL_A76L,20230822080000,-52.4229,-41.3598
481,IIL_A76L,20230822090000,-52.4254,-41.3584
482,IIL_A76L,20230822100000,-52.4280,-41.3569
483,IIL_A76L,20230822110000,-52.4305,-41.3551
484,IIL_A76L,20230822120000,-52.4331,-41.3532
485,IIL_A76M,20230818120000,-52.3700,-39.5400
486,IIL_A76M,20230818130000,-52.3690,-39.5414
487,IIL_A76M,20230818140000,-52.3682,-39.5430
488,IIL_A76M,20230818150000,-52.3676,-39.5449
489,IIL_A76M,20230818160000,-52.3673,-39.5468
490,IIL_A76M,20230818170000,-52.3672,-39.5487
491,IIL_A76M,20230818180000,-52.3674,-39.5505
492,IIL_A76M,20230818190000,-52.3679,-39.5519
493,IIL_A76M,20230818200000,-52.3686,-39.5531
494,IIL_A76M,20230818210000,-52.3694,-39.5537
495,IIL_A76M,20230818220000,-52.3704,-39.5537
496,IIL_A76M,20230818230000,-52.3713,-39.5533
497,IIL_A76M,20230819000000,-52.3721,-39.5523
498,IIL_A76M,20230819010000,-52.3728,-39.5510
499,IIL_A76M,20230819020000,-52.3731,-39.5494
500,IIL_A76M,20230819030000,-52.3732,-39.5478
501,IIL_A76M,20230819040000,-52.3730,-39.5462
502,IIL_A76M,20230819050000,-52.3725,-39.5447
503,IIL_A76M,20230819060000,-52.3718,-39.5436
504,IIL_A76M,20230819070000,-52.3710,-39.5429
505,IIL_A76M,20230819080000,-52.3701,-39.5425
506,IIL_A76M,20230819090000,-52.3692,-39.5428
507,IIL_A76M,20230819100000,-52.3683,-39.5435
508,IIL_A76M,20230819110000,-52.3676,-39.5446
509,IIL_A76M,20230819120000,-52.3672,-39.5461
510,IIL_A76M,20230819130000,-52.3670,-39.5478
511,IIL_A76M,20230819140000,-52.3672,-39.5495
512,IIL_A76M,20230819150000,-52.3677,-39.5512
513,IIL_A76M,20230819160000,-52.3684,-39.5527
514,IIL_A76M,20230819170000,-52.3694,-39.5538
515,IIL_A76M,20230819180000,-52.3707,-39.5544
516,IIL_A76M,20230819190000,-52.3720,-39.5547
517,IIL_A76M,20230819200000,-52.3734,-39.5544
518,IIL_A76M,20230819210000,-52.3747,-39.5536
519,IIL_A76M,20230819220000,-52.3759,-39.5525
520,IIL_A76M,20230819230000,-52.3769,-39.5510
521,IIL_A76M,20230820000000,-52.3777,-39.5493
522,IIL_A76M,20230820010000,-52.3784,-39.5475
523,IIL_A76M,20230820020000,-52.3789,-39.5456
524,IIL_A76M,20230820030000,-52.3793,-39.5438
525,IIL_A76M,20230820040000,-52.3795,-39.5419
526,IIL_A76M,20230820050000,-52.3797,-39.5402
527,IIL_A76M,20230820060000,-52.3797,-39.5387
528,IIL_A76M,20230820070000,-52.3797,-39.5374
529,IIL_A76M,20230820080000,-52.3796,-39.5365
530,IIL_A76M,20230820090000,-52.3796,-39.5360
531,IIL_A76M,20230820100000,-52.3797,-39.5360
532,IIL_A76M,20230820110000,-52.3800,-39.5364
533,IIL_A76M,20230820120000,-52.3806,-39.5370
534,IIL_A76M,20230820130000,-52.3814,-39.5376
535,IIL_A76M,20230820140000,-52.3824,-39.5381
536,IIL_A76M,20230820150000,-52.3836,-39.5386
537,IIL_A76M,20230820160000,-52.3850,-39.5388
538,IIL_A76M,20230820170000,-52.3864,-39.5389
539,IIL_A76M,20230820180000,-52.3880,-39.5388
540,IIL_A76M,20230820190000,-52.3897,-39.5385
541,IIL_A76M,20230820200000,-52.3914,-39.5379
542,IIL_A76M,20230820210000,-52.3931,-39.5371
543,IIL_A76M,20230820220000,-52.3948,-39.5363
544,IIL_A76M,20230820230000,-52.3965,-39.5352
545,IIL_A76M,20230821000000,-52.3982,-39.5340
546,IIL_A76M,20230821010000,-52.3998,-39.5327
547,IIL_A76M,20230821020000,-52.4014,-39.5312
548,IIL_A76M,20230821030000,-52.4030,-39.5296
549,IIL_A76M,20230821040000,-52.4045,-39.5279
550,IIL_A76M,20230821050000,-52.4059,-39.5262
551,IIL_A76M,20230821060000,-52.4073,-39.5244
552,IIL_A76M,20230821070000,-52.4087,-39.5226
553,IIL_A76M,20230821080000,-52.4101,-39.5208
554,IIL_A76M,20230821090000,-52.4114,-39.5190
555,IIL_A76M,20230821100000,-52.4127,-39.5173
556,IIL_A76M,20230821110000,-52.4140,-39.5155
557,IIL_A76M,20230821120000,-52.4153,-39.5138
558,IIL_A76M,20230821130000,-52.4167,-39.5122
559,IIL_A76M,20230821140000,-52.4180,-39.5107
560,IIL_A76M,20230821150000,-52.4194,-39.5093
561,IIL_A76M,20230821160000,-52.4208,-39.5081
562,IIL_A76M,20230821170000,-52.4223,-39.5070
563,IIL_A76M,20230821180000,-52.4239,-39.5060
564,IIL_A76M,20230821190000,-52.4255,-39.5051
565,IIL_A76M,20230821200000,-52.4273,-39.5044
566,IIL_A76M,20230821210000,-52.4291,-39.5037
567,IIL_A76M,20230821220000,-52.4310,-39.5031
568,IIL_A76M,20230821230000,-52.4330,-39.5025
569,IIL_A76M,20230822000000,-52.4352,-39.5020
570,IIL_A76M,20230822010000,-52.4374,-39.5016
571,IIL_A76M,20230822020000,-52.4397,-39.5013
572,IIL_A76M,20230822030000,-52.4420,-39.5010
573,IIL_A76M,20230822040000,-52.4445,-39.5006
574,IIL_A76M,20230822050000,-52.4471,-39.5003
575,IIL_A76M,20230822060000,-52.4498,-39.4999
576,IIL_A76M,20230822070000,-52.4525,-39.4995
577,IIL_A76M,20230822080000,-52.4553,-39.4990
578,IIL_A76M,20230822090000,-52.4582,-39.4985
579,IIL_A76M,20230822100000,-52.4611,-39.4979
580,IIL_A76M,20230822110000,-52.4641,-39.4972
581,IIL_A76M,20230822120000,-52.4671,-39.4964
582,IIL_A76N,20230818120000,-52.2400,-40.5700
583,IIL_A76N,20230818130000,-52.2381,-40.5703
584,IIL_A76N,20230818140000,-52.2362,-40.5709
585,IIL_A76N,20230818150000,-52.2343,-40.5717
586,IIL_A76N,20230818160000,-52.2325,-40.5727
587,IIL_A76N,20230818170000,-52.2308,-40.5739
588,IIL_A76N,20230818180000,-52.2292,-40.5753
589,IIL_A76N,20230818190000,-52.2277,-40.5768
590,IIL_A76N,20230818200000,-52.2264,-40.5784
591,IIL_A76N,20230818210000,-52.2253,-40.5801
592,IIL_A76N,20230818220000,-52.2245,-40.5817
593,IIL_A76N,20230818230000,-52.2238,-40.5833
594,IIL_A76N,20230819000000,-52.2233,-40.5847
595,IIL_A76N,20230819010000,-52.2230,-40.5858
596,IIL_A76N,20230819020000,-52.2228,-40.5865
597,IIL_A76N,20230819030000,-52.2226,-40.5869
598,IIL_A76N,20230819040000,-52.2223,-40.5869
599,IIL_A76N,20230819050000,-52.2220,-40.5865
600,IIL_A76N,20230819060000,-52.2214,-40.5860
601,IIL_A76N,20230819070000,-52.2207,-40.5854
602,IIL_A76N,20230819080000,-52.2199,-40.5848
603,IIL_A76N,20230819090000,-52.2189,-40.5843
604,IIL_A76N,20230819100000,-52.2177,-40.5840
605,IIL_A76N,20230819110000,-52.2165,-40.5840
606,IIL_A76N,20230819120000,-52.2153,-40.5842
607,IIL_A76N,20230819130000,-52.2141,-40.5847
608,IIL_A76N,20230819140000,-52.2130,-40.5855
609,IIL_A76N,20230819150000,-52.2119,-40.5865
610,IIL_A76N,20230819160000,-52.2110,-40.5877
611,IIL_A76N,20230819170000,-52.2104,-40.5889
612,IIL_A76N,20230819180000,-52.2100,-40.5902
613,IIL_A76N,20230819190000,-52.2099,-40.5914
614,IIL_A76N,20230819200000,-52.2100,-40.5923
615,IIL_A76N,20230819210000,-52.2103,-40.5928
616,IIL_A76N,20230819220000,-52.2106,-40.5928
617,IIL_A76N,20230819230000,-52.2108,-40.5924
618,IIL_A76N,20230820000000,-52.2109,-40.5916
619,IIL_A76N,20230820010000,-52.2108,-40.5907
620,IIL_A76N,20230820020000,-52.2105,-40.5897
621,IIL_A76N,20230820030000,-52.2100,-40.5888
622,IIL_A76N,20230820040000,-52.2094,-40.5879
623,IIL_A76N,20230820050000,-52.2088,-40.5871
624,IIL_A76N,20230820060000,-52.2081,-40.5864
625,IIL_A76N,20230820070000,-52.2074,-40.5858
626,IIL_A76N,20230820080000,-52.2067,-40.5853
627,IIL_A76N,20230820090000,-52.2061,-40.5849
628,IIL_A76N,20230820100000,-52.2054,-40.5847
629,IIL_A76N,20230820110000,-52.2048,-40.5847
630,IIL_A76N,20230820120000,-52.2043,-40.5850
631,IIL_A76N,20230820130000,-52.2039,-40.5855
632,IIL_A76N,20230820140000,-52.2038,-40.5860
633,IIL_A76N,20230820150000,-52.2038,-40.5866
634,IIL_A76N,20230820160000,-52.2040,-40.5870
635,IIL_A76N,20230820170000,-52.2044,-40.5873
636,IIL_A76N,20230820180000,-52.2049,-40.5873
637,IIL_A76N,20230820190000,-52.2055,-40.5871
638,IIL_A76N,20230820200000,-52.2061,-40.5867
639,IIL_A76N,20230820210000,-52.2067,-40.5862
640,IIL_A76N,20230820220000,-52.2072,-40.5855
641,IIL_A76N,20230820230000,-52.2077,-40.5847
642,IIL_A76N,20230821000000,-52.2082,-40.5838
643,IIL_A76N,20230821010000,-52.2086,-40.5829
644,IIL_A76N,20230821020000,-52.2089,-40.5819
645,IIL_A76N,20230821030000,-52.2093,-40.5809
646,IIL_A76N,20230821040000,-52.2096,-40.5800
647,IIL_A76N,20230821050000,-52.2101,-40.5791
648,IIL_A76N,20230821060000,-52.2106,-40.5782
649,IIL_A76N,20230821070000,-52.2112,-40.5774
650,IIL_A76N,20230821080000,-52.2118,-40.5764
651,IIL_A76N,20230821090000,-52.2125,-40.5753
652,IIL_A76N,20230821100000,-52.2133,-40.5741
653,IIL_A76N,20230821110000,-52.2140,-40.5728
654,IIL_A76N,20230821120000,-52.2148,-40.5713
655,IIL_A76N,20230821130000,-52.2155,-40.5698
656,IIL_A76N,20230821140000,-52.2162,-40.5682
657,IIL_A76N,20230821150000,-52.2169,-40.5666
658,IIL_A76N,20230821160000,-52.2175,-40.5650
659,IIL_A76N,20230821170000,-52.2181,-40.5634
660,IIL_A76N,20230821180000,-52.2186,-40.5618
661,IIL_A76N,20230821190000,-52.2191,-40.5604
662,IIL_A76N,20230821200000,-52.2196,-40.5591
663,IIL_A76N,20230821210000,-52.2201,-40.5580
664,IIL_A76N,20230821220000,-52.2208,-40.5572
665,IIL_A76N,20230821230000,-52.2215,-40.5566
666,IIL_A76N,20230822000000,-52.2224,-40.5562
667,IIL_A76N,20230822010000,-52.2234,-40.5559
668,IIL_A76N,20230822020000,-52.2246,-40.5557
669,IIL_A76N,20230822030000,-52.2260,-40.5554
670,IIL_A76N,20230822040000,-52.2275,-40.5551
671,IIL_A76N,20230822050000,-52.2291,-40.5545
672,IIL_A76N,20230822060000,-52.2307,-40.5538
673,IIL_A76N,20230822070000,-52.2325,-40.5529
674,IIL_A76N,20230822080000,-52.2343,-40.5518
675,IIL_A76N,20230822090000,-52.2360,-40.5505
676,IIL_A76N,20230822100000,-52.2378,-40.5489
677,IIL_A76N,20230822110000,-52.2395,-40.5471
678,IIL_A76N,20230822120000,-52.2412,-40.5450
679,IIL_A76P,20230818120000,-52.3200,-39.5500
680,IIL_A76P,20230818130000,-52.3186,-39.5511
681,IIL_A76P,20230818140000,-52.3173,-39.5525
682,IIL_A76P,20230818150000,-52.3161,-39.5542
683,IIL_A76P,20230818160000,-52.3151,-39.5562
684,IIL_A76P,20230818170000,-52.3143,-39.5585
685,IIL_A76P,20230818180000,-52.3137,-39.5609
686,IIL_A76P,20230818190000,-52.3133,-39.5634
687,IIL_A76P,20230818200000,-52.3133,-39.5658
688,IIL_A76P,20230818210000,-52.3136,-39.5680
689,IIL_A76P,20230818220000,-52.3141,-39.5700
690,IIL_A76P,20230818230000,-52.3150,-39.5715
691,IIL_A76P,20230819000000,-52.3160,-39.5725
692,IIL_A76P,20230819010000,-52.3171,-39.5730
693,IIL_A76P,20230819020000,-52.3181,-39.5729
694,IIL_A76P,20230819030000,-52.3191,-39.5723
695,IIL_A76P,20230819040000,-52.3198,-39.5712
696,IIL_A76P,20230819050000,-52.3202,-39.5698
697,IIL_A76P,20230819060000,-52.3203,-39.5683
698,IIL_A76P,20230819070000,-52.3200,-39.5668
699,IIL_A76P,20230819080000,-52.3195,-39.5655
700,IIL_A76P,20230819090000,-52.3187,-39.5646
701,IIL_A76P,20230819100000,-52.3177,-39.5641
702,IIL_A76P,20230819110000,-52.3165,-39.5643
703,IIL_A76P,20230819120000,-52.3154,-39.5650
704,IIL_A76P,20230819130000,-52.3145,-39.5662
705,IIL_A76P,20230819140000,-52.3137,-39.5679
706,IIL_A76P,20230819150000,-52.3133,-39.5699
707,IIL_A76P,20230819160000,-52.3131,-39.5721
708,IIL_A76P,20230819170000,-52.3133,-39.5743
709,IIL_A76P,20230819180000,-52.3139,-39.5764
710,IIL_A76P,20230819190000,-52.3148,-39.5782
711,IIL_A76P,20230819200000,-52.3159,-39.5797
712,IIL_A76P,20230819210000,-52.3173,-39.5807
713,IIL_A76P,20230819220000,-52.3187,-39.5812
714,IIL_A76P,20230819230000,-52.3201,-39.5812
715,IIL_A76P,20230820000000,-52.3216,-39.5808
716,IIL_A76P,20230820010000,-52.3229,-39.5799
717,IIL_A76P,20230820020000,-52.3242,-39.5787
718,IIL_A76P,20230820030000,-52.3254,-39.5771
719,IIL_A76P,20230820040000,-52.3265,-39.5752
720,IIL_A76P,20230820050000,-52.3274,-39.5731
721,IIL_A76P,20230820060000,-52.3281,-39.5708
722,IIL_A76P,20230820070000,-52.3286,-39.5686
723,IIL_A76P,20230820080000,-52.3289,-39.5664
724,IIL_A76P,20230820090000,-52.3289,-39.5645
725,IIL_A76P,20230820100000,-52.3287,-39.5630
726,IIL_A76P,20230820110000,-52.3284,-39.5619
727,IIL_A76P,20230820120000,-52.3280,-39.5615
728,IIL_A76P,20230820130000,-52.3277,-39.5618
729,IIL_A76P,20230820140000,-52.3277,-39.5626
730,IIL_A76P,20230820150000,-52.3280,-39.5638
731,IIL_A76P,20230820160000,-52.3287,-39.5651
732,IIL_A76P,20230820170000,-52.3297,-39.5665
733,IIL_A76P,20230820180000,-52.3309,-39.5677
734,IIL_A76P,20230820190000,-52.3324,-39.5688
735,IIL_A76P,20230820200000,-52.3340,-39.5697
736,IIL_A76P,20230820210000,-52.3359,-39.5703
737,IIL_A76P,20230820220000,-52.3378,-39.5708
738,IIL_A76P,20230820230000,-52.3399,-39.5710
739,IIL_A76P,20230821000000,-52.3420,-39.5709
740,IIL_A76P,20230821010000,-52.3442,-39.5705
741,IIL_A76P,20230821020000,-52.3464,-39.5698
742,IIL_A76P,20230821030000,-52.3486,-39.5688
743,IIL_A76P,20230821040000,-52.3508,-39.5675
744,IIL_A76P,20230821050000,-52.3530,-39.5661
745,IIL_A76P,20230821060000,-52.3551,-39.5643
746,IIL_A76P,20230821070000,-52.3572,-39.5624
747,IIL_A76P,20230821080000,-52.3592,-39.5603
748,IIL_A76P,20230821090000,-52.3611,-39.5581
749,IIL_A76P,20230821100000,-52.3630,-39.5557
750,IIL_A76P,20230821110000,-52.3649,-39.5532
751,IIL_A76P,20230821120000,-52.3666,-39.5507
752,IIL_A76P,20230821130000,-52.3683,-39.5482
753,IIL_A76P,20230821140000,-52.3699,-39.5457
754,IIL_A76P,20230821150000,-52.3714,-39.5432
755,IIL_A76P,20230821160000,-52.3729,-39.5409
756,IIL_A76P,20230821170000,-52.3744,-39.5387
757,IIL_A76P,20230821180000,-52.3759,-39.5368
758,IIL_A76P,20230821190000,-52.3774,-39.5350
759,IIL_A76P,20230821200000,-52.3790,-39.5335
760,IIL_A76P,20230821210000,-52.3807,-39.5322
761,IIL_A76P,20230821220000,-52.3825,-39.5312
762,IIL_A76P,20230821230000,-52.3844,-39.5305
763,IIL_A76P,20230822000000,-52.3864,-39.5300
764,IIL_A76P,20230822010000,-52.3886,-39.5297
765,IIL_A76P,20230822020000,-52.3909,-39.5297
766,IIL_A76P,20230822030000,-52.3934,-39.5298
767,IIL_A76P,20230822040000,-52.3961,-39.5300
768,IIL_A76P,20230822050000,-52.3989,-39.5302
769,IIL_A76P,20230822060000,-52.4019,-39.5305
770,IIL_A76P,20230822070000,-52.4050,-39.5307
771,IIL_A76P,20230822080000,-52.4083,-39.5309
772,IIL_A76P,20230822090000,-52.4118,-39.5310
773,IIL_A76P,20230822100000,-52.4154,-39.5311
774,IIL_A76P,20230822110000,-52.4190,-39.5310
775,IIL_A76P,20230822120000,-52.4228,-39.5308
776,IIL_D30A,20230818120000,-61.5700,-54.2900
777,IIL_D30A,20230818130000,-61.5691,-54.2899
778,IIL_D30A,20230818140000,-61.5683,-54.2899
779,IIL_D30A,20230818150000,-61.5676,-54.2900
780,IIL_D30A,20230818160000,-61.5670,-54.2901
781,IIL_D30A,20230818170000,-61.5664,-54.2901
782,IIL_D30A,20230818180000,-61.5659,-54.2899
783,IIL_D30A,20230818190000,-61.5655,-54.2895
784,IIL_D30A,20230818200000,-61.5650,-54.2891
785,IIL_D30A,20230818210000,-61.5646,-54.2885
786,IIL_D30A,20230818220000,-61.5641,-54.2880
787,IIL_D30A,20230818230000,-61.5636,-54.2875
788,IIL_D30A,20230819000000,-61.5631,-54.2870
789,IIL_D30A,20230819010000,-61.5626,-54.2865
790,IIL_D30A,20230819020000,-61.5621,-54.2861
791,IIL_D30A,20230819030000,-61.5616,-54.2858
792,IIL_D30A,20230819040000,-61.5611,-54.2854
793,IIL_D30A,20230819050000,-61.5607,-54.2850
794,IIL_D30A,20230819060000,-61.5603,-54.2847
795,IIL_D30A,20230819070000,-61.5600,-54.2845
796,IIL_D30A,20230819080000,-61.5598,-54.2843
797,IIL_D30A,20230819090000,-61.5597,-54.2841
798,IIL_D30A,20230819100000,-61.5598,-54.2837
799,IIL_D30A,20230819110000,-61.5599,-54.2833
800,IIL_D30A,20230819120000,-61.5600,-54.2826
801,IIL_D30A,20230819130000,-61.5602,-54.2817
802,IIL_D30A,20230819140000,-61.5604,-54.2806
803,IIL_D30A,20230819150000,-61.5606,-54.2793
804,IIL_D30A,20230819160000,-61.5607,-54.2778
805,IIL_D30A,20230819170000,-61.5607,-54.2763
806,IIL_D30A,20230819180000,-61.5607,-54.2746
807,IIL_D30A,20230819190000,-61.5605,-54.2730
808,IIL_D30A,20230819200000,-61.5604,-54.2713
809,IIL_D30A,20230819210000,-61.5601,-54.2697
810,IIL_D30A,20230819220000,-61.5599,-54.2681
811,IIL_D30A,20230819230000,-61.5596,-54.2666
812,IIL_D30A,20230820000000,-61.5593,-54.2653
813,IIL_D30A,20230820010000,-61.5590,-54.2640
814,IIL_D30A,20230820020000,-61.5587,-54.2628
815,IIL_D30A,20230820030000,-61.5585,-54.2616
816,IIL_D30A,20230820040000,-61.5584,-54.2604
817,IIL_D30A,20230820050000,-61.5584,-54.2592
818,IIL_D30A,20230820060000,-61.5584,-54.2578
819,IIL_D30A,20230820070000,-61.5584,-54.2563
820,IIL_D30A,20230820080000,-61.5583,-54.2547
821,IIL_D30A,20230820090000,-61.5582,-54.2532
822,IIL_D30A,20230820100000,-61.5581,-54.2518
823,IIL_D30A,20230820110000,-61.5579,-54.2504
824,IIL_D30A,20230820120000,-61.5576,-54.2492
825,IIL_D30A,20230820130000,-61.5574,-54.2481
826,IIL_D30A,20230820140000,-61.5571,-54.2471
827,IIL_D30A,20230820150000,-61.5569,-54.2462
828,IIL_D30A,20230820160000,-61.5567,-54.2453
829,IIL_D30A,20230820170000,-61.5565,-54.2444
830,IIL_D30A,20230820180000,-61.5564,-54.2435
831,IIL_D30A,20230820190000,-61.5563,-54.2426
832,IIL_D30A,20230820200000,-61.5562,-54.2416
833,IIL_D30A,20230820210000,-61.5562,-54.2407
834,IIL_D30A,20230820220000,-61.5562,-54.2397
835,IIL_D30A,20230820230000,-61.5562,-54.2386
836,IIL_D30A,20230821000000,-61.5562,-54.2375
837,IIL_D30A,20230821010000,-61.5563,-54.2364
838,IIL_D30A,20230821020000,-61.5564,-54.2351
839,IIL_D30A,20230821030000,-61.5566,-54.2338
840,IIL_D30A,20230821040000,-61.5567,-54.2323
841,IIL_D30A,20230821050000,-61.5569,-54.2306
842,IIL_D30A,20230821060000,-61.5571,-54.2289
843,IIL_D30A,20230821070000,-61.5572,-54.2270
844,IIL_D30A,20230821080000,-61.5573,-54.2251
845,IIL_D30A,20230821090000,-61.5574,-54.2231
846,IIL_D30A,20230821100000,-61.5574,-54.2211
847,IIL_D30A,20230821110000,-61.5574,-54.2191
848,IIL_D30A,20230821120000,-61.5574,-54.2170
849,IIL_D30A,20230821130000,-61.5575,-54.2149
850,IIL_D30A,20230821140000,-61.5575,-54.2128
851,IIL_D30A,20230821150000,-61.5575,-54.2106
852,IIL_D30A,20230821160000,-61.5576,-54.2084
853,IIL_D30A,20230821170000,-61.5576,-54.2062
854,IIL_D30A,20230821180000,-61.5576,-54.2039
855,IIL_D30A,20230821190000,-61.5575,-54.2017
856,IIL_D30A,20230821200000,-61.5574,-54.1996
857,IIL_D30A,20230821210000,-61.5573,-54.1975
858,IIL_D30A,20230821220000,-61.5571,-54.1955
859,IIL_D30A,20230821230000,-61.5569,-54.1936
860,IIL_D30A,20230822000000,-61.5567,-54.1919
861,IIL_D30A,20230822010000,-61.5564,-54.1903
862,IIL_D30A,20230822020000,-61.5563,-54.1889
863,IIL_D30A,20230822030000,-61.5561,-54.1876
864,IIL_D30A,20230822040000,-61.5560,-54.1863
865,IIL_D30A,20230822050000,-61.5560,-54.1852
866,IIL_D30A,20230822060000,-61.5560,-54.1841
867,IIL_D30A,20230822070000,-61.5562,-54.1829
868,IIL_D30A,20230822080000,-61.5563,-54.1817
869,IIL_D30A,20230822090000,-61.5566,-54.1804
870,IIL_D30A,20230822100000,-61.5568,-54.1790
871,IIL_D30A,20230822110000,-61.5570,-54.1775
872,IIL_D30A,20230822120000,-61.5572,-54.1759
873,IIL_D29B,20230818120000,-61.0200,-53.2600
874,IIL_D29B,20230818130000,-61.0194,-53.2609
875,IIL_D29B,20230818140000,-61.0188,-53.2620
876,IIL_D29B,20230818150000,-61.0183,-53.2632
877,IIL_D29B,20230818160000,-61.0179,-53.2644
878,IIL_D29B,20230818170000,-61.0175,-53.2656
879,IIL_D29B,20230818180000,-61.0172,-53.2667
880,IIL_D29B,20230818190000,-61.0169,-53.2677
881,IIL_D29B,20230818200000,-61.0166,-53.2686
882,IIL_D29B,20230818210000,-61.0164,-53.2694
883,IIL_D29B,20230818220000,-61.0162,-53.2702
884,IIL_D29B,20230818230000,-61.0159,-53.2709
885,IIL_D29B,20230819000000,-61.0156,-53.2716
886,IIL_D29B,20230819010000,-61.0153,-53.2723
887,IIL_D29B,20230819020000,-61.0150,-53.2729
888,IIL_D29B,20230819030000,-61.0146,-53.2736
889,IIL_D29B,20230819040000,-61.0143,-53.2744
890,IIL_D29B,20230819050000,-61.0139,-53.2752
891,IIL_D29B,20230819060000,-61.0136,-53.2760
892,IIL_D29B,20230819070000,-61.0133,-53.2768
893,IIL_D29B,20230819080000,-61.0130,-53.2777
894,IIL_D29B,20230819090000,-61.0127,-53.2786
895,IIL_D29B,20230819100000,-61.0125,-53.2795
896,IIL_D29B,20230819110000,-61.0123,-53.2803
897,IIL_D29B,20230819120000,-61.0121,-53.2812
898,IIL_D29B,20230819130000,-61.0120,-53.2820
899,IIL_D29B,20230819140000,-61.0120,-53.2826
900,IIL_D29B,20230819150000,-61.0120,-53.2831
901,IIL_D29B,20230819160000,-61.0120,-53.2835
902,IIL_D29B,20230819170000,-61.0120,-53.2836
903,IIL_D29B,20230819180000,-61.0120,-53.2836
904,IIL_D29B,20230819190000,-61.0119,-53.2835
905,IIL_D29B,20230819200000,-61.0117,-53.2832
906,IIL_D29B,20230819210000,-61.0115,-53.2830
907,IIL_D29B,20230819220000,-61.0113,-53.2827
908,IIL_D29B,20230819230000,-61.0110,-53.2825
909,IIL_D29B,20230820000000,-61.0107,-53.2823
910,IIL_D29B,20230820010000,-61.0104,-53.2821
911,IIL_D29B,20230820020000,-61.0101,-53.2821
912,IIL_D29B,20230820030000,-61.0098,-53.2820
913,IIL_D29B,20230820040000,-61.0095,-53.2819
914,IIL_D29B,20230820050000,-61.0093,-53.2819
915,IIL_D29B,20230820060000,-61.0091,-53.2817
916,IIL_D29B,20230820070000,-61.0089,-53.2815
917,IIL_D29B,20230820080000,-61.0087,-53.2812
918,IIL_D29B,20230820090000,-61.0084,-53.2809
919,IIL_D29B,20230820100000,-61.0081,-53.2805
920,IIL_D29B,20230820110000,-61.0078,-53.2801
921,IIL_D29B,20230820120000,-61.0074,-53.2798
922,IIL_D29B,20230820130000,-61.0070,-53.2795
923,IIL_D29B,20230820140000,-61.0067,-53.2793
924,IIL_D29B,20230820150000,-61.0064,-53.2791
925,IIL_D29B,20230820160000,-61.0061,-53.2789
926,IIL_D29B,20230820170000,-61.0058,-53.2788
927,IIL_D29B,20230820180000,-61.0056,-53.2785
928,IIL_D29B,20230820190000,-61.0053,-53.2783
929,IIL_D29B,20230820200000,-61.0051,-53.2780
930,IIL_D29B,20230820210000,-61.0048,-53.2778
931,IIL_D29B,20230820220000,-61.0045,-53.2776
932,IIL_D29B,20230820230000,-61.0042,-53.2774
933,IIL_D29B,20230821000000,-61.0039,-53.2774
934,IIL_D29B,20230821010000,-61.0037,-53.2774
935,IIL_D29B,20230821020000,-61.0035,-53.2775
936,IIL_D29B,20230821030000,-61.0034,-53.2776
937,IIL_D29B,20230821040000,-61.0033,-53.2777
938,IIL_D29B,20230821050000,-61.0033,-53.2777
939,IIL_D29B,20230821060000,-61.0034,-53.2776
940,IIL_D29B,20230821070000,-61.0035,-53.2774
941,IIL_D29B,20230821080000,-61.0036,-53.2770
942,IIL_D29B,20230821090000,-61.0037,-53.2764
943,IIL_D29B,20230821100000,-61.0039,-53.2757
944,IIL_D29B,20230821110000,-61.0040,-53.2749
945,IIL_D29B,20230821120000,-61.0040,-53.2739
946,IIL_D29B,20230821130000,-61.0041,-53.2729
947,IIL_D29B,20230821140000,-61.0040,-53.2718
948,IIL_D29B,20230821150000,-61.0040,-53.2707
949,IIL_D29B,20230821160000,-61.0038,-53.2697
950,IIL_D29B,20230821170000,-61.0037,-53.2686
951,IIL_D29B,20230821180000,-61.0035,-53.2677
952,IIL_D29B,20230821190000,-61.0033,-53.2668
953,IIL_D29B,20230821200000,-61.0031,-53.2660
954,IIL_D29B,20230821210000,-61.0029,-53.2652
955,IIL_D29B,20230821220000,-61.0028,-53.2645
956,IIL_D29B,20230821230000,-61.0027,-53.2637
957,IIL_D29B,20230822000000,-61.0026,-53.2630
958,IIL_D29B,20230822010000,-61.0026,-53.2622
959,IIL_D29B,20230822020000,-61.0025,-53.2614
960,IIL_D29B,20230822030000,-61.0025,-53.2605
961,IIL_D29B,20230822040000,-61.0025,-53.2596
962,IIL_D29B,20230822050000,-61.0025,-53.2586
963,IIL_D29B,20230822060000,-61.0024,-53.2576
964,IIL_D29B,20230822070000,-61.0022,-53.2566
965,IIL_D29B,20230822080000,-61.0021,-53.2557
966,IIL_D29B,20230822090000,-61.0019,-53.2550
967,IIL_D29B,20230822100000,-61.0017,-53.2543
968,IIL_D29B,20230822110000,-61.0015,-53.2538
969,IIL_D29B,20230822120000,-61.0014,-53.2534
970,IIL_D29A,20230818120000,-60.5000,-55.0400
971,IIL_D29A,20230818130000,-60.4992,-55.0404
972,IIL_D29A,20230818140000,-60.4982,-55.0409
973,IIL_D29A,20230818150000,-60.4973,-55.0414
974,IIL_D29A,20230818160000,-60.4963,-55.0419
975,IIL_D29A,20230818170000,-60.4952,-55.0425
976,IIL_D29A,20230818180000,-60.4942,-55.0433
977,IIL_D29A,20230818190000,-60.4931,-55.0441
978,IIL_D29A,20230818200000,-60.4921,-55.0451
979,IIL_D29A,20230818210000,-60.4912,-55.0462
980,IIL_D29A,20230818220000,-60.4903,-55.0475
981,IIL_D29A,20230818230000,-60.4895,-55.0488
982,IIL_D29A,20230819000000,-60.4888,-55.0501
983,IIL_D29A,20230819010000,-60.4883,-55.0514
984,IIL_D29A,20230819020000,-60.4878,-55.0526
985,IIL_D29A,20230819030000,-60.4875,-55.0537
986,IIL_D29A,20230819040000,-60.4872,-55.0544
987,IIL_D29A,20230819050000,-60.4869,-55.0549
988,IIL_D29A,20230819060000,-60.4867,-55.0549
989,IIL_D29A,20230819070000,-60.4863,-55.0546
990,IIL_D29A,20230819080000,-60.4859,-55.0541
991,IIL_D29A,20230819090000,-60.4855,-55.0536
992,IIL_D29A,20230819100000,-60.4849,-55.0530
993,IIL_D29A,20230819110000,-60.4843,-55.0523
994,IIL_D29A,20230819120000,-60.4837,-55.0518
995,IIL_D29A,20230819130000,-60.4830,-55.0511
996,IIL_D29A,20230819140000,-60.4824,-55.0505
997,IIL_D29A,20230819150000,-60.4817,-55.0498
998,IIL_D29A,20230819160000,-60.4810,-55.0491
999,IIL_D29A,20230819170000,-60.4804,-55.0484
1000,IIL_D29A,20230819180000,-60.4797,-55.0476
1001,IIL_D29A,20230819190000,-60.4791,-55.0467
1002,IIL_D29A,20230819200000,-60.4786,-55.0458
1003,IIL_D29A,20230819210000,-60.4780,-55.0447
1004,IIL_D29A,20230819220000,-60.4775,-55.0435
1005,IIL_D29A,20230819230000,-60.4770,-55.0422
1006,IIL_D29A,20230820000000,-60.4764,-55.0408
1007,IIL_D29A,20230820010000,-60.4759,-55.0393
1008,IIL_D29A,20230820020000,-60.4753,-55.0377
1009,IIL_D29A,20230820030000,-60.4748,-55.0361
1010,IIL_D29A,20230820040000,-60.4742,-55.0344
1011,IIL_D29A,20230820050000,-60.4736,-55.0327
1012,IIL_D29A,20230820060000,-60.4730,-55.0309
1013,IIL_D29A,20230820070000,-60.4725,-55.0290
1014,IIL_D29A,20230820080000,-60.4718,-55.0271
1015,IIL_D29A,20230820090000,-60.4712,-55.0250
1016,IIL_D29A,20230820100000,-60.4705,-55.0229
1017,IIL_D29A,20230820110000,-60.4698,-55.0208
1018,IIL_D29A,20230820120000,-60.4690,-55.0187
1019,IIL_D29A,20230820130000,-60.4682,-55.0167
1020,IIL_D29A,20230820140000,-60.4674,-55.0147
1021,IIL_D29A,20230820150000,-60.4666,-55.0129
1022,IIL_D29A,20230820160000,-60.4658,-55.0110
1023,IIL_D29A,20230820170000,-60.4650,-55.0093
1024,IIL_D29A,20230820180000,-60.4643,-55.0076
1025,IIL_D29A,20230820190000,-60.4635,-55.0060
1026,IIL_D29A,20230820200000,-60.4627,-55.0045
1027,IIL_D29A,20230820210000,-60.4620,-55.0031
1028,IIL_D29A,20230820220000,-60.4613,-55.0018
1029,IIL_D29A,20230820230000,-60.4607,-55.0005
1030,IIL_D29A,20230821000000,-60.4602,-54.9992
1031,IIL_D29A,20230821010000,-60.4599,-54.9979
1032,IIL_D29A,20230821020000,-60.4596,-54.9964
1033,IIL_D29A,20230821030000,-60.4594,-54.9947
1034,IIL_D29A,20230821040000,-60.4593,-54.9928
1035,IIL_D29A,20230821050000,-60.4593,-54.9907
1036,IIL_D29A,20230821060000,-60.4592,-54.9883
1037,IIL_D29A,20230821070000,-60.4592,-54.9858
1038,IIL_D29A,20230821080000,-60.4592,-54.9830
1039,IIL_D29A,20230821090000,-60.4591,-54.9801
1040,IIL_D29A,20230821100000,-60.4590,-54.9770
1041,IIL_D29A,20230821110000,-60.4589,-54.9738
1042,IIL_D29A,20230821120000,-60.4587,-54.9704
1043,IIL_D29A,20230821130000,-60.4584,-54.9670
1044,IIL_D29A,20230821140000,-60.4580,-54.9635
1045,IIL_D29A,20230821150000,-60.4576,-54.9599
1046,IIL_D29A,20230821160000,-60.4571,-54.9564
1047,IIL_D29A,20230821170000,-60.4565,-54.9529
1048,IIL_D29A,20230821180000,-60.4559,-54.9495
1049,IIL_D29A,20230821190000,-60.4551,-54.9462
1050,IIL_D29A,20230821200000,-60.4543,-54.9430
1051,IIL_D29A,20230821210000,-60.4535,-54.9399
1052,IIL_D29A,20230821220000,-60.4526,-54.9370
1053,IIL_D29A,20230821230000,-60.4518,-54.9343
1054,IIL_D29A,20230822000000,-60.4509,-54.9317
1055,IIL_D29A,20230822010000,-60.4501,-54.9294
1056,IIL_D29A,20230822020000,-60.4493,-54.9272
1057,IIL_D29A,20230822030000,-60.4486,-54.9252
1058,IIL_D29A,20230822040000,-60.4480,-54.9232
1059,IIL_D29A,20230822050000,-60.4476,-54.9213
1060,IIL_D29A,20230822060000,-60.4472,-54.9193
1061,IIL_D29A,20230822070000,-60.4469,-54.9173
1062,IIL_D29A,20230822080000,-60.4468,-54.9151
1063,IIL_D29A,20230822090000,-60.4467,-54.9128
1064,IIL_D29A,20230822100000,-60.4466,-54.9102
1065,IIL_D29A,20230822110000,-60.4465,-54.9075
1066,IIL_D29A,20230822120000,-60.4463,-54.9046
1067,IIL_A76K,20230818120000,-54.3500,-38.3100
1068,IIL_A76K,20230818130000,-54.3508,-38.3140
1069,IIL_A76K,20230818140000,-54.3515,-38.3177
1070,IIL_A76K,20230818150000,-54.3521,-38.3213
1071,IIL_A76K,20230818160000,-54.3526,-38.3246
1072,IIL_A76K,20230818170000,-54.3529,-38.3276
1073,IIL_A76K,20230818180000,-54.3529,-38.3305
1074,IIL_A76K,20230818190000,-54.3528,-38.3332
1075,IIL_A76K,20230818200000,-54.3524,-38.3358
1076,IIL_A76K,20230818210000,-54.3518,-38.3384
1077,IIL_A76K,20230818220000,-54.3511,-38.3410
1078,IIL_A76K,20230818230000,-54.3501,-38.3437
1079,IIL_A76K,20230819000000,-54.3491,-38.3465
1080,IIL_A76K,20230819010000,-54.3480,-38.3495
1081,IIL_A76K,20230819020000,-54.3469,-38.3527
1082,IIL_A76K,20230819030000,-54.3459,-38.3561
1083,IIL_A76K,20230819040000,-54.3449,-38.3597
1084,IIL_A76K,20230819050000,-54.3440,-38.3635
1085,IIL_A76K,20230819060000,-54.3434,-38.3675
1086,IIL_A76K,20230819070000,-54.3428,-38.3716
1087,IIL_A76K,20230819080000,-54.3425,-38.3757
1088,IIL_A76K,20230819090000,-54.3424,-38.3799
1089,IIL_A76K,20230819100000,-54.3425,-38.3839
1090,IIL_A76K,20230819110000,-54.3429,-38.3878
1091,IIL_A76K,20230819120000,-54.3434,-38.3915
1092,IIL_A76K,20230819130000,-54.3440,-38.3950
1093,IIL_A76K,20230819140000,-54.3449,-38.3981
1094,IIL_A76K,20230819150000,-54.3458,-38.4009
1095,IIL_A76K,20230819160000,-54.3469,-38.4033
1096,IIL_A76K,20230819170000,-54.3480,-38.4052
1097,IIL_A76K,20230819180000,-54.3491,-38.4066
1098,IIL_A76K,20230819190000,-54.3502,-38.4074
1099,IIL_A76K,20230819200000,-54.3513,-38.4076
1100,IIL_A76K,20230819210000,-54.3523,-38.4072
1101,IIL_A76K,20230819220000,-54.3531,-38.4063
1102,IIL_A76K,20230819230000,-54.3536,-38.4051
1103,IIL_A76K,20230820000000,-54.3537,-38.4036
1104,IIL_A76K,20230820010000,-54.3535,-38.4022
1105,IIL_A76K,20230820020000,-54.3529,-38.4009
1106,IIL_A76K,20230820030000,-54.3521,-38.4001
1107,IIL_A76K,20230820040000,-54.3511,-38.3998
1108,IIL_A76K,20230820050000,-54.3501,-38.4001
1109,IIL_A76K,20230820060000,-54.3492,-38.4008
1110,IIL_A76K,20230820070000,-54.3484,-38.4019
1111,IIL_A76K,20230820080000,-54.3478,-38.4033
1112,IIL_A76K,20230820090000,-54.3474,-38.4049
1113,IIL_A76K,20230820100000,-54.3472,-38.4065
1114,IIL_A76K,20230820110000,-54.3473,-38.4079
1115,IIL_A76K,20230820120000,-54.3476,-38.4090
1116,IIL_A76K,20230820130000,-54.3480,-38.4098
1117,IIL_A76K,20230820140000,-54.3485,-38.4101
1118,IIL_A76K,20230820150000,-54.3490,-38.4099
1119,IIL_A76K,20230820160000,-54.3493,-38.4093
1120,IIL_A76K,20230820170000,-54.3494,-38.4084
1121,IIL_A76K,20230820180000,-54.3494,-38.4073
1122,IIL_A76K,20230820190000,-54.3490,-38.4062
1123,IIL_A76K,20230820200000,-54.3485,-38.4053
1124,IIL_A76K,20230820210000,-54.3479,-38.4046
1125,IIL_A76K,20230820220000,-54.3471,-38.4042
1126,IIL_A76K,20230820230000,-54.3463,-38.4041
1127,IIL_A76K,20230821000000,-54.3455,-38.4044
1128,IIL_A76K,20230821010000,-54.3448,-38.4049
1129,IIL_A76K,20230821020000,-54.3442,-38.4057
1130,IIL_A76K,20230821030000,-54.3437,-38.4066
1131,IIL_A76K,20230821040000,-54.3435,-38.4077
1132,IIL_A76K,20230821050000,-54.3436,-38.4087
1133,IIL_A76K,20230821060000,-54.3438,-38.4095
1134,IIL_A76K,20230821070000,-54.3442,-38.4100
1135,IIL_A76K,20230821080000,-54.3448,-38.4102
1136,IIL_A76K,20230821090000,-54.3453,-38.4100
1137,IIL_A76K,20230821100000,-54.3458,-38.4094
1138,IIL_A76K,20230821110000,-54.3463,-38.4085
1139,IIL_A76K,20230821120000,-54.3466,-38.4075
1140,IIL_A76K,20230821130000,-54.3469,-38.4063
1141,IIL_A76K,20230821140000,-54.3472,-38.4052
1142,IIL_A76K,20230821150000,-54.3475,-38.4040
1143,IIL_A76K,20230821160000,-54.3479,-38.4029
1144,IIL_A76K,20230821170000,-54.3483,-38.4018
1145,IIL_A76K,20230821180000,-54.3488,-38.4008
1146,IIL_A76K,20230821190000,-54.3493,-38.3998
1147,IIL_A76K,20230821200000,-54.3498,-38.3987
1148,IIL_A76K,20230821210000,-54.3503,-38.3975
1149,IIL_A76K,20230821220000,-54.3509,-38.3962
1150,IIL_A76K,20230821230000,-54.3516,-38.3947
1151,IIL_A76K,20230822000000,-54.3522,-38.3932
1152,IIL_A76K,20230822010000,-54.3528,-38.3916
1153,IIL_A76K,20230822020000,-54.3534,-38.3899
1154,IIL_A76K,20230822030000,-54.3540,-38.3881
1155,IIL_A76K,20230822040000,-54.3546,-38.3864
1156,IIL_A76K,20230822050000,-54.3551,-38.3848
1157,IIL_A76K,20230822060000,-54.3556,-38.3836
1158,IIL_A76K,20230822070000,-54.3561,-38.3826
1159,IIL_A76K,20230822080000,-54.3567,-38.3820
1160,IIL_A76K,20230822090000,-54.3575,-38.3818
1161,IIL_A76K,20230822100000,-54.3585,-38.3817
1162,IIL_A76K,20230822110000,-54.3598,-38.3816
1163,IIL_A76K,20230822120000,-54.3614,-38.3815
1164,IIL_A76O,20230818120000,-53.4400,-36.1200
1165,IIL_A76O,20230818130000,-53.4371,-36.1280
1166,IIL_A76O,20230818140000,-53.4343,-36.1361
1167,IIL_A76O,20230818150000,-53.4316,-36.1441
1168,IIL_A76O,20230818160000,-53.4289,-36.1522
1169,IIL_A76O,20230818170000,-53.4264,-36.1602
1170,IIL_A76O,20230818180000,-53.4240,-36.1682
1171,IIL_A76O,20230818190000,-53.4218,-36.1763
1172,IIL_A76O,20230818200000,-53.4201,-36.1845
1173,IIL_A76O,20230818210000,-53.4189,-36.1928
1174,IIL_A76O,20230818220000,-53.4180,-36.2011
1175,IIL_A76O,20230818230000,-53.4177,-36.2093
1176,IIL_A76O,20230819000000,-53.4177,-36.2173
1177,IIL_A76O,20230819010000,-53.4182,-36.2250
1178,IIL_A76O,20230819020000,-53.4190,-36.2323
1179,IIL_A76O,20230819030000,-53.4202,-36.2392
1180,IIL_A76O,20230819040000,-53.4218,-36.2455
1181,IIL_A76O,20230819050000,-53.4236,-36.2511
1182,IIL_A76O,20230819060000,-53.4256,-36.2561
1183,IIL_A76O,20230819070000,-53.4279,-36.2603
1184,IIL_A76O,20230819080000,-53.4303,-36.2636
1185,IIL_A76O,20230819090000,-53.4327,-36.2659
1186,IIL_A76O,20230819100000,-53.4350,-36.2673
1187,IIL_A76O,20230819110000,-53.4372,-36.2677
1188,IIL_A76O,20230819120000,-53.4390,-36.2670
1189,IIL_A76O,20230819130000,-53.4402,-36.2654
1190,IIL_A76O,20230819140000,-53.4408,-36.2632
1191,IIL_A76O,20230819150000,-53.4404,-36.2607
1192,IIL_A76O,20230819160000,-53.4394,-36.2586
1193,IIL_A76O,20230819170000,-53.4377,-36.2570
1194,IIL_A76O,20230819180000,-53.4355,-36.2561
1195,IIL_A76O,20230819190000,-53.4331,-36.2559
1196,IIL_A76O,20230819200000,-53.4304,-36.2565
1197,IIL_A76O,20230819210000,-53.4276,-36.2577
1198,IIL_A76O,20230819220000,-53.4248,-36.2597
1199,IIL_A76O,20230819230000,-53.4221,-36.2622
1200,IIL_A76O,20230820000000,-53.4194,-36.2654
1201,IIL_A76O,20230820010000,-53.4168,-36.2691
1202,IIL_A76O,20230820020000,-53.4144,-36.2732
1203,IIL_A76O,20230820030000,-53.4121,-36.2777
1204,IIL_A76O,20230820040000,-53.4101,-36.2825
1205,IIL_A76O,20230820050000,-53.4083,-36.2876
1206,IIL_A76O,20230820060000,-53.4068,-36.2929
1207,IIL_A76O,20230820070000,-53.4055,-36.2984
1208,IIL_A76O,20230820080000,-53.4044,-36.3040
1209,IIL_A76O,20230820090000,-53.4036,-36.3098
1210,IIL_A76O,20230820100000,-53.4030,-36.3156
1211,IIL_A76O,20230820110000,-53.4026,-36.3214
1212,IIL_A76O,20230820120000,-53.4024,-36.3272
1213,IIL_A76O,20230820130000,-53.4025,-36.3328
1214,IIL_A76O,20230820140000,-53.4027,-36.3384
1215,IIL_A76O,20230820150000,-53.4032,-36.3437
1216,IIL_A76O,20230820160000,-53.4039,-36.3487
1217,IIL_A76O,20230820170000,-53.4047,-36.3535
1218,IIL_A76O,20230820180000,-53.4056,-36.3580
1219,IIL_A76O,20230820190000,-53.4067,-36.3622
1220,IIL_A76O,20230820200000,-53.4079,-36.3660
1221,IIL_A76O,20230820210000,-53.4091,-36.3694
1222,IIL_A76O,20230820220000,-53.4103,-36.3725
1223,IIL_A76O,20230820230000,-53.4116,-36.3752
1224,IIL_A76O,20230821000000,-53.4127,-36.3776
1225,IIL_A76O,20230821010000,-53.4138,-36.3797
1226,IIL_A76O,20230821020000,-53.4147,-36.3815
1227,IIL_A76O,20230821030000,-53.4154,-36.3831
1228,IIL_A76O,20230821040000,-53.4160,-36.3845
1229,IIL_A76O,20230821050000,-53.4162,-36.3859
1230,IIL_A76O,20230821060000,-53.4163,-36.3873
1231,IIL_A76O,20230821070000,-53.4161,-36.3887
1232,IIL_A76O,20230821080000,-53.4157,-36.3904
1233,IIL_A76O,20230821090000,-53.4152,-36.3922
1234,IIL_A76O,20230821100000,-53.4146,-36.3942
1235,IIL_A76O,20230821110000,-53.4140,-36.3964
1236,IIL_A76O,20230821120000,-53.4135,-36.3989
1237,IIL_A76O,20230821130000,-53.4131,-36.4016
1238,IIL_A76O,20230821140000,-53.4128,-36.4044
1239,IIL_A76O,20230821150000,-53.4127,-36.4074
1240,IIL_A76O,20230821160000,-53.4128,-36.4104
1241,IIL_A76O,20230821170000,-53.4131,-36.4135
1242,IIL_A76O,20230821180000,-53.4136,-36.4165
1243,IIL_A76O,20230821190000,-53.4143,-36.4194
1244,IIL_A76O,20230821200000,-53.4153,-36.4221
1245,IIL_A76O,20230821210000,-53.4164,-36.4246
1246,IIL_A76O,20230821220000,-53.4177,-36.4269
1247,IIL_A76O,20230821230000,-53.4191,-36.4288
1248,IIL_A76O,20230822000000,-53.4207,-36.4305
1249,IIL_A76O,20230822010000,-53.4225,-36.4318
1250,IIL_A76O,20230822020000,-53.4243,-36.4328
1251,IIL_A76O,20230822030000,-53.4262,-36.4335
1252,IIL_A76O,20230822040000,-53.4282,-36.4339
1253,IIL_A76O,20230822050000,-53.4302,-36.4341
1254,IIL_A76O,20230822060000,-53.4322,-36.4340
1255,IIL_A76O,20230822070000,-53.4343,-36.4337
1256,IIL_A76O,20230822080000,-53.4364,-36.4333
1257,IIL_A76O,20230822090000,-53.4385,-36.4327
1258,IIL_A76O,20230822100000,-53.4407,-36.4321
1259,IIL_A76O,20230822110000,-53.4429,-36.4315
1260,IIL_A76O,20230822120000,-53.4451,-36.4308
1261,IIL_ICEBERG1,20230818120000,-52.0800,-41.2200
1262,IIL_ICEBERG1,20230818130000,-52.0793,-41.2227
1263,IIL_ICEBERG1,20230818140000,-52.0785,-41.2251
1264,IIL_ICEBERG1,20230818150000,-52.0776,-41.2275
1265,IIL_ICEBERG1,20230818160000,-52.0767,-41.2296
1266,IIL_ICEBERG1,20230818170000,-52.0757,-41.2317
1267,IIL_ICEBERG1,20230818180000,-52.0746,-41.2337
1268,IIL_ICEBERG1,20230818190000,-52.0735,-41.2356
1269,IIL_ICEBERG1,20230818200000,-52.0724,-41.2375
1270,IIL_ICEBERG1,20230818210000,-52.0713,-41.2394
1271,IIL_ICEBERG1,20230818220000,-52.0701,-41.2412
1272,IIL_ICEBERG1,20230818230000,-52.0689,-41.2429
1273,IIL_ICEBERG1,20230819000000,-52.0677,-41.2448
1274,IIL_ICEBERG1,20230819010000,-52.0665,-41.2466
1275,IIL_ICEBERG1,20230819020000,-52.0652,-41.2485
1276,IIL_ICEBERG1,20230819030000,-52.0640,-41.2505
1277,IIL_ICEBERG1,20230819040000,-52.0627,-41.2526
1278,IIL_ICEBERG1,20230819050000,-52.0615,-41.2549
1279,IIL_ICEBERG1,20230819060000,-52.0603,-41.2573
1280,IIL_ICEBERG1,20230819070000,-52.0593,-41.2598
1281,IIL_ICEBERG1,20230819080000,-52.0585,-41.2623
1282,IIL_ICEBERG1,20230819090000,-52.0580,-41.2648
1283,IIL_ICEBERG1,20230819100000,-52.0576,-41.2672
1284,IIL_ICEBERG1,20230819110000,-52.0575,-41.2693
1285,IIL_ICEBERG1,20230819120000,-52.0575,-41.2712
1286,IIL_ICEBERG1,20230819130000,-52.0576,-41.2727
1287,IIL_ICEBERG1,20230819140000,-52.0576,-41.2739
1288,IIL_ICEBERG1,20230819150000,-52.0575,-41.2747
1289,IIL_ICEBERG1,20230819160000,-52.0572,-41.2753
1290,IIL_ICEBERG1,20230819170000,-52.0569,-41.2755
1291,IIL_ICEBERG1,20230819180000,-52.0563,-41.2755
1292,IIL_ICEBERG1,20230819190000,-52.0557,-41.2755
1293,IIL_ICEBERG1,20230819200000,-52.0549,-41.2754
1294,IIL_ICEBERG1,20230819210000,-52.0540,-41.2754
1295,IIL_ICEBERG1,20230819220000,-52.0529,-41.2755
1296,IIL_ICEBERG1,20230819230000,-52.0517,-41.2759
1297,IIL_ICEBERG1,20230820000000,-52.0504,-41.2765
1298,IIL_ICEBERG1,20230820010000,-52.0491,-41.2775
1299,IIL_ICEBERG1,20230820020000,-52.0478,-41.2787
1300,IIL_ICEBERG1,20230820030000,-52.0466,-41.2802
1301,IIL_ICEBERG1,20230820040000,-52.0454,-41.2820
1302,IIL_ICEBERG1,20230820050000,-52.0445,-41.2839
1303,IIL_ICEBERG1,20230820060000,-52.0438,-41.2859
1304,IIL_ICEBERG1,20230820070000,-52.0432,-41.2879
1305,IIL_ICEBERG1,20230820080000,-52.0429,-41.2897
1306,IIL_ICEBERG1,20230820090000,-52.0428,-41.2914
1307,IIL_ICEBERG1,20230820100000,-52.0427,-41.2928
1308,IIL_ICEBERG1,20230820110000,-52.0427,-41.2941
1309,IIL_ICEBERG1,20230820120000,-52.0428,-41.2952
1310,IIL_ICEBERG1,20230820130000,-52.0428,-41.2961
1311,IIL_ICEBERG1,20230820140000,-52.0427,-41.2970
1312,IIL_ICEBERG1,20230820150000,-52.0427,-41.2978
1313,IIL_ICEBERG1,20230820160000,-52.0425,-41.2986
1314,IIL_ICEBERG1,20230820170000,-52.0424,-41.2994
1315,IIL_ICEBERG1,20230820180000,-52.0423,-41.3002
1316,IIL_ICEBERG1,20230820190000,-52.0421,-41.3011
1317,IIL_ICEBERG1,20230820200000,-52.0420,-41.3021
1318,IIL_ICEBERG1,20230820210000,-52.0419,-41.3031
1319,IIL_ICEBERG1,20230820220000,-52.0419,-41.3042
1320,IIL_ICEBERG1,20230820230000,-52.0421,-41.3053
1321,IIL_ICEBERG1,20230821000000,-52.0423,-41.3064
1322,IIL_ICEBERG1,20230821010000,-52.0428,-41.3074
1323,IIL_ICEBERG1,20230821020000,-52.0435,-41.3084
1324,IIL_ICEBERG1,20230821030000,-52.0443,-41.3092
1325,IIL_ICEBERG1,20230821040000,-52.0454,-41.3097
1326,IIL_ICEBERG1,20230821050000,-52.0465,-41.3099
1327,IIL_ICEBERG1,20230821060000,-52.0478,-41.3097
1328,IIL_ICEBERG1,20230821070000,-52.0491,-41.3091
1329,IIL_ICEBERG1,20230821080000,-52.0504,-41.3081
1330,IIL_ICEBERG1,20230821090000,-52.0517,-41.3067
1331,IIL_ICEBERG1,20230821100000,-52.0528,-41.3051
1332,IIL_ICEBERG1,20230821110000,-52.0539,-41.3031
1333,IIL_ICEBERG1,20230821120000,-52.0549,-41.3010
1334,IIL_ICEBERG1,20230821130000,-52.0557,-41.2988
1335,IIL_ICEBERG1,20230821140000,-52.0563,-41.2965
1336,IIL_ICEBERG1,20230821150000,-52.0569,-41.2943
1337,IIL_ICEBERG1,20230821160000,-52.0573,-41.2922
1338,IIL_ICEBERG1,20230821170000,-52.0576,-41.2903
1339,IIL_ICEBERG1,20230821180000,-52.0578,-41.2887
1340,IIL_ICEBERG1,20230821190000,-52.0581,-41.2874
1341,IIL_ICEBERG1,20230821200000,-52.0585,-41.2866
1342,IIL_ICEBERG1,20230821210000,-52.0590,-41.2864
1343,IIL_ICEBERG1,20230821220000,-52.0598,-41.2868
1344,IIL_ICEBERG1,20230821230000,-52.0609,-41.2875
1345,IIL_ICEBERG1,20230822000000,-52.0623,-41.2885
1346,IIL_ICEBERG1,20230822010000,-52.0640,-41.2896
1347,IIL_ICEBERG1,20230822020000,-52.0660,-41.2907
1348,IIL_ICEBERG1,20230822030000,-52.0683,-41.2917
1349,IIL_ICEBERG1,20230822040000,-52.0707,-41.2926
1350,IIL_ICEBERG1,20230822050000,-52.0734,-41.2933
1351,IIL_ICEBERG1,20230822060000,-52.0762,-41.2938
1352,IIL_ICEBERG1,20230822070000,-52.0792,-41.2940
1353,IIL_ICEBERG1,20230822080000,-52.0823,-41.2939
1354,IIL_ICEBERG1,20230822090000,-52.0855,-41.2936
1355,IIL_ICEBERG1,20230822100000,-52.0887,-41.2929
1356,IIL_ICEBERG1,20230822110000,-52.0920,-41.2920
1357,IIL_ICEBERG1,20230822120000,-52.0952,-41.2909
1358,IIL_ICEBERG2,20230818120000,-51.4800,-36.1100
1359,IIL_ICEBERG2,20230818130000,-51.4786,-36.1187
1360,IIL_ICEBERG2,20230818140000,-51.4773,-36.1272
1361,IIL_ICEBERG2,20230818150000,-51.4762,-36.1356
1362,IIL_ICEBERG2,20230818160000,-51.4753,-36.1439
1363,IIL_ICEBERG2,20230818170000,-51.4746,-36.1520
1364,IIL_ICEBERG2,20230818180000,-51.4741,-36.1599
1365,IIL_ICEBERG2,20230818190000,-51.4738,-36.1676
1366,IIL_ICEBERG2,20230818200000,-51.4737,-36.1750
1367,IIL_ICEBERG2,20230818210000,-51.4738,-36.1821
1368,IIL_ICEBERG2,20230818220000,-51.4741,-36.1889
1369,IIL_ICEBERG2,20230818230000,-51.4746,-36.1952
1370,IIL_ICEBERG2,20230819000000,-51.4753,-36.2009
1371,IIL_ICEBERG2,20230819010000,-51.4762,-36.2058
1372,IIL_ICEBERG2,20230819020000,-51.4773,-36.2098
1373,IIL_ICEBERG2,20230819030000,-51.4785,-36.2131
1374,IIL_ICEBERG2,20230819040000,-51.4796,-36.2155
1375,IIL_ICEBERG2,20230819050000,-51.4806,-36.2170
1376,IIL_ICEBERG2,20230819060000,-51.4813,-36.2173
1377,IIL_ICEBERG2,20230819070000,-51.4813,-36.2164
1378,IIL_ICEBERG2,20230819080000,-51.4804,-36.2150
1379,IIL_ICEBERG2,20230819090000,-51.4789,-36.2137
1380,IIL_ICEBERG2,20230819100000,-51.4768,-36.2125
1381,IIL_ICEBERG2,20230819110000,-51.4744,-36.2118
1382,IIL_ICEBERG2,20230819120000,-51.4717,-36.2118
1383,IIL_ICEBERG2,20230819130000,-51.4690,-36.2125
1384,IIL_ICEBERG2,20230819140000,-51.4667,-36.2139
1385,IIL_ICEBERG2,20230819150000,-51.4648,-36.2159
1386,IIL_ICEBERG2,20230819160000,-51.4635,-36.2183
1387,IIL_ICEBERG2,20230819170000,-51.4629,-36.2209
1388,IIL_ICEBERG2,20230819180000,-51.4630,-36.2235
1389,IIL_ICEBERG2,20230819190000,-51.4639,-36.2255
1390,IIL_ICEBERG2,20230819200000,-51.4653,-36.2268
1391,IIL_ICEBERG2,20230819210000,-51.4671,-36.2271
1392,IIL_ICEBERG2,20230819220000,-51.4690,-36.2265
1393,IIL_ICEBERG2,20230819230000,-51.4710,-36.2250
1394,IIL_ICEBERG2,20230820000000,-51.4729,-36.2226
1395,IIL_ICEBERG2,20230820010000,-51.4746,-36.2195
1396,IIL_ICEBERG2,20230820020000,-51.4757,-36.2159
1397,IIL_ICEBERG2,20230820030000,-51.4764,-36.2121
1398,IIL_ICEBERG2,20230820040000,-51.4766,-36.2082
1399,IIL_ICEBERG2,20230820050000,-51.4763,-36.2043
1400,IIL_ICEBERG2,20230820060000,-51.4756,-36.2007
1401,IIL_ICEBERG2,20230820070000,-51.4745,-36.1974
1402,IIL_ICEBERG2,20230820080000,-51.4730,-36.1946
1403,IIL_ICEBERG2,20230820090000,-51.4713,-36.1925
1404,IIL_ICEBERG2,20230820100000,-51.4695,-36.1910
1405,IIL_ICEBERG2,20230820110000,-51.4676,-36.1903
1406,IIL_ICEBERG2,20230820120000,-51.4658,-36.1904
1407,IIL_ICEBERG2,20230820130000,-51.4641,-36.1911
1408,IIL_ICEBERG2,20230820140000,-51.4628,-36.1924
1409,IIL_ICEBERG2,20230820150000,-51.4618,-36.1943
1410,IIL_ICEBERG2,20230820160000,-51.4613,-36.1964
1411,IIL_ICEBERG2,20230820170000,-51.4612,-36.1985
1412,IIL_ICEBERG2,20230820180000,-51.4617,-36.2006
1413,IIL_ICEBERG2,20230820190000,-51.4625,-36.2023
1414,IIL_ICEBERG2,20230820200000,-51.4637,-36.2036
1415,IIL_ICEBERG2,20230820210000,-51.4652,-36.2043
1416,IIL_ICEBERG2,20230820220000,-51.4667,-36.2045
1417,IIL_ICEBERG2,20230820230000,-51.4684,-36.2042
1418,IIL_ICEBERG2,20230821000000,-51.4701,-36.2035
1419,IIL_ICEBERG2,20230821010000,-51.4718,-36.2024
1420,IIL_ICEBERG2,20230821020000,-51.4735,-36.2010
1421,IIL_ICEBERG2,20230821030000,-51.4751,-36.1992
1422,IIL_ICEBERG2,20230821040000,-51.4767,-36.1972
1423,IIL_ICEBERG2,20230821050000,-51.4783,-36.1949
1424,IIL_ICEBERG2,20230821060000,-51.4798,-36.1923
1425,IIL_ICEBERG2,20230821070000,-51.4812,-36.1894
1426,IIL_ICEBERG2,20230821080000,-51.4825,-36.1864
1427,IIL_ICEBERG2,20230821090000,-51.4837,-36.1832
1428,IIL_ICEBERG2,20230821100000,-51.4847,-36.1800
1429,IIL_ICEBERG2,20230821110000,-51.4858,-36.1766
1430,IIL_ICEBERG2,20230821120000,-51.4867,-36.1733
1431,IIL_ICEBERG2,20230821130000,-51.4877,-36.1699
1432,IIL_ICEBERG2,20230821140000,-51.4887,-36.1666
1433,IIL_ICEBERG2,20230821150000,-51.4897,-36.1633
1434,IIL_ICEBERG2,20230821160000,-51.4907,-36.1601
1435,IIL_ICEBERG2,20230821170000,-51.4918,-36.1569
1436,IIL_ICEBERG2,20230821180000,-51.4930,-36.1538
1437,IIL_ICEBERG2,20230821190000,-51.4943,-36.1508
1438,IIL_ICEBERG2,20230821200000,-51.4958,-36.1480
1439,IIL_ICEBERG2,20230821210000,-51.4974,-36.1453
1440,IIL_ICEBERG2,20230821220000,-51.4993,-36.1427
1441,IIL_ICEBERG2,20230821230000,-51.5013,-36.1403
1442,IIL_ICEBERG2,20230822000000,-51.5036,-36.1380
1443,IIL_ICEBERG2,20230822010000,-51.5061,-36.1357
1444,IIL_ICEBERG2,20230822020000,-51.5088,-36.1335
1445,IIL_ICEBERG2,20230822030000,-51.5117,-36.1314
1446,IIL_ICEBERG2,20230822040000,-51.5148,-36.1291
1447,IIL_ICEBERG2,20230822050000,-51.5181,-36.1269
1448,IIL_ICEBERG2,20230822060000,-51.5216,-36.1245
1449,IIL_ICEBERG2,20230822070000,-51.5252,-36.1220
1450,IIL_ICEBERG2,20230822080000,-51.5290,-36.1194
1451,IIL_ICEBERG2,20230822090000,-51.5329,-36.1166
1452,IIL_ICEBERG2,20230822100000,-51.5368,-36.1137
1453,IIL_ICEBERG2,20230822110000,-51.5409,-36.1106
1454,IIL_ICEBERG2,20230822120000,-51.5450,-36.1073
1455,IIL_ICEBERG3,20230818120000,-52.1000,-37.3400
1456,IIL_ICEBERG3,20230818130000,-52.0968,-37.3506
1457,IIL_ICEBERG3,20230818140000,-52.0937,-37.3612
1458,IIL_ICEBERG3,20230818150000,-52.0908,-37.3718
1459,IIL_ICEBERG3,20230818160000,-52.0881,-37.3825
1460,IIL_ICEBERG3,20230818170000,-52.0855,-37.3932
1461,IIL_ICEBERG3,20230818180000,-52.0832,-37.4038
1462,IIL_ICEBERG3,20230818190000,-52.0810,-37.4144
1463,IIL_ICEBERG3,20230818200000,-52.0791,-37.4250
1464,IIL_ICEBERG3,20230818210000,-52.0774,-37.4355
1465,IIL_ICEBERG3,20230818220000,-52.0760,-37.4459
1466,IIL_ICEBERG3,20230818230000,-52.0748,-37.4562
1467,IIL_ICEBERG3,20230819000000,-52.0740,-37.4663
1468,IIL_ICEBERG3,20230819010000,-52.0734,-37.4762
1469,IIL_ICEBERG3,20230819020000,-52.0731,-37.4859
1470,IIL_ICEBERG3,20230819030000,-52.0732,-37.4954
1471,IIL_ICEBERG3,20230819040000,-52.0735,-37.5045
1472,IIL_ICEBERG3,20230819050000,-52.0742,-37.5133
1473,IIL_ICEBERG3,20230819060000,-52.0751,-37.5217
1474,IIL_ICEBERG3,20230819070000,-52.0764,-37.5297
1475,IIL_ICEBERG3,20230819080000,-52.0779,-37.5372
1476,IIL_ICEBERG3,20230819090000,-52.0797,-37.5442
1477,IIL_ICEBERG3,20230819100000,-52.0817,-37.5506
1478,IIL_ICEBERG3,20230819110000,-52.0839,-37.5565
1479,IIL_ICEBERG3,20230819120000,-52.0863,-37.5618
1480,IIL_ICEBERG3,20230819130000,-52.0887,-37.5665
1481,IIL_ICEBERG3,20230819140000,-52.0912,-37.5706
1482,IIL_ICEBERG3,20230819150000,-52.0938,-37.5740
1483,IIL_ICEBERG3,20230819160000,-52.0965,-37.5766
1484,IIL_ICEBERG3,20230819170000,-52.0995,-37.5783
1485,IIL_ICEBERG3,20230819180000,-52.1026,-37.5791
1486,IIL_ICEBERG3,20230819190000,-52.1057,-37.5788
1487,IIL_ICEBERG3,20230819200000,-52.1087,-37.5777
1488,IIL_ICEBERG3,20230819210000,-52.1114,-37.5758
1489,IIL_ICEBERG3,20230819220000,-52.1140,-37.5733
1490,IIL_ICEBERG3,20230819230000,-52.1162,-37.5702
1491,IIL_ICEBERG3,20230820000000,-52.1180,-37.5667
1492,IIL_ICEBERG3,20230820010000,-52.1194,-37.5629
1493,IIL_ICEBERG3,20230820020000,-52.1204,-37.5590
1494,IIL_ICEBERG3,20230820030000,-52.1208,-37.5552
1495,IIL_ICEBERG3,20230820040000,-52.1209,-37.5515
1496,IIL_ICEBERG3,20230820050000,-52.1205,-37.5482
1497,IIL_ICEBERG3,20230820060000,-52.1197,-37.5454
1498,IIL_ICEBERG3,20230820070000,-52.1185,-37.5435
1499,IIL_ICEBERG3,20230820080000,-52.1169,-37.5426
1500,IIL_ICEBERG3,20230820090000,-52.1152,-37.5431
1501,IIL_ICEBERG3,20230820100000,-52.1137,-37.5447
1502,IIL_ICEBERG3,20230820110000,-52.1123,-37.5473
1503,IIL_ICEBERG3,20230820120000,-52.1114,-37.5506
1504,IIL_ICEBERG3,20230820130000,-52.1108,-37.5545
1505,IIL_ICEBERG3,20230820140000,-52.1107,-37.5588
1506,IIL_ICEBERG3,20230820150000,-52.1110,-37.5633
1507,IIL_ICEBERG3,20230820160000,-52.1117,-37.5678
1508,IIL_ICEBERG3,20230820170000,-52.1128,-37.5724
1509,IIL_ICEBERG3,20230820180000,-52.1143,-37.5769
1510,IIL_ICEBERG3,20230820190000,-52.1162,-37.5812
1511,IIL_ICEBERG3,20230820200000,-52.1183,-37.5852
1512,IIL_ICEBERG3,20230820210000,-52.1208,-37.5890
1513,IIL_ICEBERG3,20230820220000,-52.1234,-37.5925
1514,IIL_ICEBERG3,20230820230000,-52.1263,-37.5957
1515,IIL_ICEBERG3,20230821000000,-52.1294,-37.5985
1516,IIL_ICEBERG3,20230821010000,-52.1327,-37.6009
1517,IIL_ICEBERG3,20230821020000,-52.1360,-37.6028
1518,IIL_ICEBERG3,20230821030000,-52.1395,-37.6044
1519,IIL_ICEBERG3,20230821040000,-52.1430,-37.6055
1520,IIL_ICEBERG3,20230821050000,-52.1466,-37.6061
1521,IIL_ICEBERG3,20230821060000,-52.1502,-37.6062
1522,IIL_ICEBERG3,20230821070000,-52.1538,-37.6060
1523,IIL_ICEBERG3,20230821080000,-52.1573,-37.6054
1524,IIL_ICEBERG3,20230821090000,-52.1608,-37.6044
1525,IIL_ICEBERG3,20230821100000,-52.1642,-37.6031
1526,IIL_ICEBERG3,20230821110000,-52.1675,-37.6015
1527,IIL_ICEBERG3,20230821120000,-52.1708,-37.5997
1528,IIL_ICEBERG3,20230821130000,-52.1740,-37.5979
1529,IIL_ICEBERG3,20230821140000,-52.1771,-37.5959
1530,IIL_ICEBERG3,20230821150000,-52.1802,-37.5938
1531,IIL_ICEBERG3,20230821160000,-52.1832,-37.5917
1532,IIL_ICEBERG3,20230821170000,-52.1862,-37.5895
1533,IIL_ICEBERG3,20230821180000,-52.1891,-37.5875
1534,IIL_ICEBERG3,20230821190000,-52.1921,-37.5856
1535,IIL_ICEBERG3,20230821200000,-52.1951,-37.5839
1536,IIL_ICEBERG3,20230821210000,-52.1981,-37.5823
1537,IIL_ICEBERG3,20230821220000,-52.2012,-37.5811
1538,IIL_ICEBERG3,20230821230000,-52.2044,-37.5802
1539,IIL_ICEBERG3,20230822000000,-52.2078,-37.5795
1540,IIL_ICEBERG3,20230822010000,-52.2113,-37.5792
1541,IIL_ICEBERG3,20230822020000,-52.2150,-37.5791
1542,IIL_ICEBERG3,20230822030000,-52.2189,-37.5792
1543,IIL_ICEBERG3,20230822040000,-52.2230,-37.5795
1544,IIL_ICEBERG3,20230822050000,-52.2272,-37.5800
1545,IIL_ICEBERG3,20230822060000,-52.2317,-37.5805
1546,IIL_ICEBERG3,20230822070000,-52.2363,-37.5812
1547,IIL_ICEBERG3,20230822080000,-52.2412,-37.5819
1548,IIL_ICEBERG3,20230822090000,-52.2462,-37.5826
1549,IIL_ICEBERG3,20230822100000,-52.2513,-37.5833
1550,IIL_ICEBERG3,20230822110000,-52.2567,-37.5839
1551,IIL_ICEBERG3,20230822120000,-52.2622,-37.5845
1552,IIL_ICEBERG4,20230818120000,-52.5100,-37.1300
1553,IIL_ICEBERG4,20230818130000,-52.5065,-37.1399
1554,IIL_ICEBERG4,20230818140000,-52.5033,-37.1499
1555,IIL_ICEBERG4,20230818150000,-52.5001,-37.1599
1556,IIL_ICEBERG4,20230818160000,-52.4972,-37.1699
1557,IIL_ICEBERG4,20230818170000,-52.4945,-37.1800
1558,IIL_ICEBERG4,20230818180000,-52.4920,-37.1900
1559,IIL_ICEBERG4,20230818190000,-52.4897,-37.2001
1560,IIL_ICEBERG4,20230818200000,-52.4876,-37.2101
1561,IIL_ICEBERG4,20230818210000,-52.4858,-37.2200
1562,IIL_ICEBERG4,20230818220000,-52.4842,-37.2299
1563,IIL_ICEBERG4,20230818230000,-52.4829,-37.2397
1564,IIL_ICEBERG4,20230819000000,-52.4819,-37.2494
1565,IIL_ICEBERG4,20230819010000,-52.4812,-37.2589
1566,IIL_ICEBERG4,20230819020000,-52.4807,-37.2682
1567,IIL_ICEBERG4,20230819030000,-52.4806,-37.2773
1568,IIL_ICEBERG4,20230819040000,-52.4807,-37.2862
1569,IIL_ICEBERG4,20230819050000,-52.4811,-37.2947
1570,IIL_ICEBERG4,20230819060000,-52.4818,-37.3030
1571,IIL_ICEBERG4,20230819070000,-52.4828,-37.3108
1572,IIL_ICEBERG4,20230819080000,-52.4840,-37.3183
1573,IIL_ICEBERG4,20230819090000,-52.4854,-37.3253
1574,IIL_ICEBERG4,20230819100000,-52.4871,-37.3318
1575,IIL_ICEBERG4,20230819110000,-52.4889,-37.3379
1576,IIL_ICEBERG4,20230819120000,-52.4909,-37.3435
1577,IIL_ICEBERG4,20230819130000,-52.4929,-37.3486
1578,IIL_ICEBERG4,20230819140000,-52.4950,-37.3532
1579,IIL_ICEBERG4,20230819150000,-52.4972,-37.3572
1580,IIL_ICEBERG4,20230819160000,-52.4996,-37.3604
1581,IIL_ICEBERG4,20230819170000,-52.5024,-37.3628
1582,IIL_ICEBERG4,20230819180000,-52.5053,-37.3644
1583,IIL_ICEBERG4,20230819190000,-52.5083,-37.3651
1584,IIL_ICEBERG4,20230819200000,-52.5113,-37.3649
1585,IIL_ICEBERG4,20230819210000,-52.5143,-37.3640
1586,IIL_ICEBERG4,20230819220000,-52.5170,-37.3622
1587,IIL_ICEBERG4,20230819230000,-52.5194,-37.3598
1588,IIL_ICEBERG4,20230820000000,-52.5216,-37.3568
1589,IIL_ICEBERG4,20230820010000,-52.5233,-37.3534
1590,IIL_ICEBERG4,20230820020000,-52.5246,-37.3497
1591,IIL_ICEBERG4,20230820030000,-52.5254,-37.3457
1592,IIL_ICEBERG4,20230820040000,-52.5257,-37.3419
1593,IIL_ICEBERG4,20230820050000,-52.5255,-37.3381
1594,IIL_ICEBERG4,20230820060000,-52.5249,-37.3346
1595,IIL_ICEBERG4,20230820070000,-52.5239,-37.3317
1596,IIL_ICEBERG4,20230820080000,-52.5223,-37.3297
1597,IIL_ICEBERG4,20230820090000,-52.5205,-37.3286
1598,IIL_ICEBERG4,20230820100000,-52.5185,-37.3288
1599,IIL_ICEBERG4,20230820110000,-52.5166,-37.3300
1600,IIL_ICEBERG4,20230820120000,-52.5149,-37.3322
1601,IIL_ICEBERG4,20230820130000,-52.5136,-37.3352
1602,IIL_ICEBERG4,20230820140000,-52.5127,-37.3389
1603,IIL_ICEBERG4,20230820150000,-52.5123,-37.3429
1604,IIL_ICEBERG4,20230820160000,-52.5123,-37.3472
1605,IIL_ICEBERG4,20230820170000,-52.5128,-37.3517
1606,IIL_ICEBERG4,20230820180000,-52.5138,-37.3561
1607,IIL_ICEBERG4,20230820190000,-52.5152,-37.3604
1608,IIL_ICEBERG4,20230820200000,-52.5169,-37.3644
1609,IIL_ICEBERG4,20230820210000,-52.5190,-37.3682
1610,IIL_ICEBERG4,20230820220000,-52.5214,-37.3717
1611,IIL_ICEBERG4,20230820230000,-52.5240,-37.3747
1612,IIL_ICEBERG4,20230821000000,-52.5268,-37.3774
1613,IIL_ICEBERG4,20230821010000,-52.5297,-37.3796
1614,IIL_ICEBERG4,20230821020000,-52.5328,-37.3814
1615,IIL_ICEBERG4,20230821030000,-52.5360,-37.3826
1616,IIL_ICEBERG4,20230821040000,-52.5392,-37.3833
1617,IIL_ICEBERG4,20230821050000,-52.5424,-37.3835
1618,IIL_ICEBERG4,20230821060000,-52.5456,-37.3832
1619,IIL_ICEBERG4,20230821070000,-52.5487,-37.3823
1620,IIL_ICEBERG4,20230821080000,-52.5517,-37.3810
1621,IIL_ICEBERG4,20230821090000,-52.5546,-37.3793
1622,IIL_ICEBERG4,20230821100000,-52.5573,-37.3772
1623,IIL_ICEBERG4,20230821110000,-52.5598,-37.3748
1624,IIL_ICEBERG4,20230821120000,-52.5621,-37.3722
1625,IIL_ICEBERG4,20230821130000,-52.5643,-37.3694
1626,IIL_ICEBERG4,20230821140000,-52.5663,-37.3664
1627,IIL_ICEBERG4,20230821150000,-52.5681,-37.3634
1628,IIL_ICEBERG4,20230821160000,-52.5698,-37.3603
1629,IIL_ICEBERG4,20230821170000,-52.5714,-37.3573
1630,IIL_ICEBERG4,20230821180000,-52.5730,-37.3544
1631,IIL_ICEBERG4,20230821190000,-52.5745,-37.3517
1632,IIL_ICEBERG4,20230821200000,-52.5760,-37.3492
1633,IIL_ICEBERG4,20230821210000,-52.5776,-37.3470
1634,IIL_ICEBERG4,20230821220000,-52.5794,-37.3451
1635,IIL_ICEBERG4,20230821230000,-52.5814,-37.3435
1636,IIL_ICEBERG4,20230822000000,-52.5836,-37.3422
1637,IIL_ICEBERG4,20230822010000,-52.5861,-37.3413
1638,IIL_ICEBERG4,20230822020000,-52.5888,-37.3405
1639,IIL_ICEBERG4,20230822030000,-52.5919,-37.3398
1640,IIL_ICEBERG4,20230822040000,-52.5952,-37.3393
1641,IIL_ICEBERG4,20230822050000,-52.5987,-37.3387
1642,IIL_ICEBERG4,20230822060000,-52.6025,-37.3381
1643,IIL_ICEBERG4,20230822070000,-52.6065,-37.3374
1644,IIL_ICEBERG4,20230822080000,-52.6106,-37.3366
1645,IIL_ICEBERG4,20230822090000,-52.6150,-37.3357
1646,IIL_ICEBERG4,20230822100000,-52.6195,-37.3347
1647,IIL_ICEBERG4,20230822110000,-52.6242,-37.3335
1648,IIL_ICEBERG4,20230822120000,-52.6290,-37.3321
1649,IIL_ICEBERG5,20230818120000,-54.2900,-38.0800
1650,IIL_ICEBERG5,20230818130000,-54.2910,-38.0855
1651,IIL_ICEBERG5,20230818140000,-54.2920,-38.0908
1652,IIL_ICEBERG5,20230818150000,-54.2929,-38.0958
1653,IIL_ICEBERG5,20230818160000,-54.2939,-38.1006
1654,IIL_ICEBERG5,20230818170000,-54.2948,-38.1051
1655,IIL_ICEBERG5,20230818180000,-54.2957,-38.1094
1656,IIL_ICEBERG5,20230818190000,-54.2966,-38.1133
1657,IIL_ICEBERG5,20230818200000,-54.2974,-38.1170
1658,IIL_ICEBERG5,20230818210000,-54.2981,-38.1204
1659,IIL_ICEBERG5,20230818220000,-54.2987,-38.1236
1660,IIL_ICEBERG5,20230818230000,-54.2991,-38.1266
1661,IIL_ICEBERG5,20230819000000,-54.2994,-38.1295
1662,IIL_ICEBERG5,20230819010000,-54.2996,-38.1322
1663,IIL_ICEBERG5,20230819020000,-54.2996,-38.1349
1664,IIL_ICEBERG5,20230819030000,-54.2996,-38.1376
1665,IIL_ICEBERG5,20230819040000,-54.2994,-38.1403
1666,IIL_ICEBERG5,20230819050000,-54.2993,-38.1431
1667,IIL_ICEBERG5,20230819060000,-54.2991,-38.1460
1668,IIL_ICEBERG5,20230819070000,-54.2990,-38.1490
1669,IIL_ICEBERG5,20230819080000,-54.2989,-38.1520
1670,IIL_ICEBERG5,20230819090000,-54.2989,-38.1551
1671,IIL_ICEBERG5,20230819100000,-54.2990,-38.1582
1672,IIL_ICEBERG5,20230819110000,-54.2992,-38.1612
1673,IIL_ICEBERG5,20230819120000,-54.2995,-38.1642
1674,IIL_ICEBERG5,20230819130000,-54.2999,-38.1671
1675,IIL_ICEBERG5,20230819140000,-54.3004,-38.1699
1676,IIL_ICEBERG5,20230819150000,-54.3010,-38.1726
1677,IIL_ICEBERG5,20230819160000,-54.3018,-38.1750
1678,IIL_ICEBERG5,20230819170000,-54.3026,-38.1773
1679,IIL_ICEBERG5,20230819180000,-54.3035,-38.1793
1680,IIL_ICEBERG5,20230819190000,-54.3046,-38.1809
1681,IIL_ICEBERG5,20230819200000,-54.3059,-38.1820
1682,IIL_ICEBERG5,20230819210000,-54.3073,-38.1826
1683,IIL_ICEBERG5,20230819220000,-54.3088,-38.1826
1684,IIL_ICEBERG5,20230819230000,-54.3102,-38.1821
1685,IIL_ICEBERG5,20230820000000,-54.3115,-38.1811
1686,IIL_ICEBERG5,20230820010000,-54.3125,-38.1795
1687,IIL_ICEBERG5,20230820020000,-54.3134,-38.1777
1688,IIL_ICEBERG5,20230820030000,-54.3139,-38.1757
1689,IIL_ICEBERG5,20230820040000,-54.3142,-38.1736
1690,IIL_ICEBERG5,20230820050000,-54.3141,-38.1717
1691,IIL_ICEBERG5,20230820060000,-54.3139,-38.1699
1692,IIL_ICEBERG5,20230820070000,-54.3134,-38.1685
1693,IIL_ICEBERG5,20230820080000,-54.3128,-38.1675
1694,IIL_ICEBERG5,20230820090000,-54.3121,-38.1670
1695,IIL_ICEBERG5,20230820100000,-54.3114,-38.1667
1696,IIL_ICEBERG5,20230820110000,-54.3108,-38.1669
1697,IIL_ICEBERG5,20230820120000,-54.3104,-38.1673
1698,IIL_ICEBERG5,20230820130000,-54.3101,-38.1678
1699,IIL_ICEBERG5,20230820140000,-54.3101,-38.1684
1700,IIL_ICEBERG5,20230820150000,-54.3104,-38.1689
1701,IIL_ICEBERG5,20230820160000,-54.3108,-38.1691
1702,IIL_ICEBERG5,20230820170000,-54.3113,-38.1690
1703,IIL_ICEBERG5,20230820180000,-54.3118,-38.1686
1704,IIL_ICEBERG5,20230820190000,-54.3124,-38.1678
1705,IIL_ICEBERG5,20230820200000,-54.3128,-38.1668
1706,IIL_ICEBERG5,20230820210000,-54.3131,-38.1656
1707,IIL_ICEBERG5,20230820220000,-54.3132,-38.1643
1708,IIL_ICEBERG5,20230820230000,-54.3132,-38.1629
1709,IIL_ICEBERG5,20230821000000,-54.3131,-38.1616
1710,IIL_ICEBERG5,20230821010000,-54.3128,-38.1604
1711,IIL_ICEBERG5,20230821020000,-54.3124,-38.1594
1712,IIL_ICEBERG5,20230821030000,-54.3120,-38.1586
1713,IIL_ICEBERG5,20230821040000,-54.3115,-38.1580
1714,IIL_ICEBERG5,20230821050000,-54.3111,-38.1577
1715,IIL_ICEBERG5,20230821060000,-54.3108,-38.1576
1716,IIL_ICEBERG5,20230821070000,-54.3107,-38.1577
1717,IIL_ICEBERG5,20230821080000,-54.3107,-38.1578
1718,IIL_ICEBERG5,20230821090000,-54.3109,-38.1579
1719,IIL_ICEBERG5,20230821100000,-54.3113,-38.1579
1720,IIL_ICEBERG5,20230821110000,-54.3117,-38.1576
1721,IIL_ICEBERG5,20230821120000,-54.3123,-38.1571
1722,IIL_ICEBERG5,20230821130000,-54.3129,-38.1563
1723,IIL_ICEBERG5,20230821140000,-54.3136,-38.1553
1724,IIL_ICEBERG5,20230821150000,-54.3144,-38.1541
1725,IIL_ICEBERG5,20230821160000,-54.3151,-38.1526
1726,IIL_ICEBERG5,20230821170000,-54.3159,-38.1509
1727,IIL_ICEBERG5,20230821180000,-54.3165,-38.1491
1728,IIL_ICEBERG5,20230821190000,-54.3171,-38.1471
1729,IIL_ICEBERG5,20230821200000,-54.3175,-38.1451
1730,IIL_ICEBERG5,20230821210000,-54.3179,-38.1431
1731,IIL_ICEBERG5,20230821220000,-54.3182,-38.1411
1732,IIL_ICEBERG5,20230821230000,-54.3185,-38.1391
1733,IIL_ICEBERG5,20230822000000,-54.3188,-38.1371
1734,IIL_ICEBERG5,20230822010000,-54.3191,-38.1351
1735,IIL_ICEBERG5,20230822020000,-54.3194,-38.1333
1736,IIL_ICEBERG5,20230822030000,-54.3198,-38.1314
1737,IIL_ICEBERG5,20230822040000,-54.3202,-38.1297
1738,IIL_ICEBERG5,20230822050000,-54.3207,-38.1279
1739,IIL_ICEBERG5,20230822060000,-54.3213,-38.1261
1740,IIL_ICEBERG5,20230822070000,-54.3219,-38.1243
1741,IIL_ICEBERG5,20230822080000,-54.3227,-38.1225
1742,IIL_ICEBERG5,20230822090000,-54.3235,-38.1205
1743,IIL_ICEBERG5,20230822100000,-54.3243,-38.1187
1744,IIL_ICEBERG5,20230822110000,-54.3253,-38.1169
1745,IIL_ICEBERG5,20230822120000,-54.3263,-38.1153
1746,IIL_ICEBERG6,20230818120000,-53.1400,-36.3500
1747,IIL_ICEBERG6,20230818130000,-53.1367,-36.3583
1748,IIL_ICEBERG6,20230818140000,-53.1334,-36.3665
1749,IIL_ICEBERG6,20230818150000,-53.1303,-36.3748
1750,IIL_ICEBERG6,20230818160000,-53.1273,-36.3831
1751,IIL_ICEBERG6,20230818170000,-53.1243,-36.3913
1752,IIL_ICEBERG6,20230818180000,-53.1215,-36.3994
1753,IIL_ICEBERG6,20230818190000,-53.1188,-36.4076
1754,IIL_ICEBERG6,20230818200000,-53.1163,-36.4156
1755,IIL_ICEBERG6,20230818210000,-53.1139,-36.4236
1756,IIL_ICEBERG6,20230818220000,-53.1116,-36.4315
1757,IIL_ICEBERG6,20230818230000,-53.1095,-36.4393
1758,IIL_ICEBERG6,20230819000000,-53.1075,-36.4470
1759,IIL_ICEBERG6,20230819010000,-53.1057,-36.4546
1760,IIL_ICEBERG6,20230819020000,-53.1041,-36.4620
1761,IIL_ICEBERG6,20230819030000,-53.1026,-36.4692
1762,IIL_ICEBERG6,20230819040000,-53.1013,-36.4763
1763,IIL_ICEBERG6,20230819050000,-53.1002,-36.4831
1764,IIL_ICEBERG6,20230819060000,-53.0992,-36.4897
1765,IIL_ICEBERG6,20230819070000,-53.0984,-36.4960
1766,IIL_ICEBERG6,20230819080000,-53.0981,-36.5022
1767,IIL_ICEBERG6,20230819090000,-53.0981,-36.5081
1768,IIL_ICEBERG6,20230819100000,-53.0984,-36.5135
1769,IIL_ICEBERG6,20230819110000,-53.0991,-36.5184
1770,IIL_ICEBERG6,20230819120000,-53.1000,-36.5228
1771,IIL_ICEBERG6,20230819130000,-53.1012,-36.5264
1772,IIL_ICEBERG6,20230819140000,-53.1025,-36.5292
1773,IIL_ICEBERG6,20230819150000,-53.1039,-36.5310
1774,IIL_ICEBERG6,20230819160000,-53.1051,-36.5319
1775,IIL_ICEBERG6,20230819170000,-53.1061,-36.5316
1776,IIL_ICEBERG6,20230819180000,-53.1065,-36.5302
1777,IIL_ICEBERG6,20230819190000,-53.1062,-36.5284
1778,IIL_ICEBERG6,20230819200000,-53.1052,-36.5264
1779,IIL_ICEBERG6,20230819210000,-53.1037,-36.5246
1780,IIL_ICEBERG6,20230819220000,-53.1018,-36.5231
1781,IIL_ICEBERG6,20230819230000,-53.0996,-36.5220
1782,IIL_ICEBERG6,20230820000000,-53.0971,-36.5213
1783,IIL_ICEBERG6,20230820010000,-53.0944,-36.5211
1784,IIL_ICEBERG6,20230820020000,-53.0916,-36.5214
1785,IIL_ICEBERG6,20230820030000,-53.0888,-36.5222
1786,IIL_ICEBERG6,20230820040000,-53.0859,-36.5235
1787,IIL_ICEBERG6,20230820050000,-53.0831,-36.5252
1788,IIL_ICEBERG6,20230820060000,-53.0805,-36.5274
1789,IIL_ICEBERG6,20230820070000,-53.0779,-36.5300
1790,IIL_ICEBERG6,20230820080000,-53.0755,-36.5331
1791,IIL_ICEBERG6,20230820090000,-53.0733,-36.5366
1792,IIL_ICEBERG6,20230820100000,-53.0713,-36.5405
1793,IIL_ICEBERG6,20230820110000,-53.0696,-36.5447
1794,IIL_ICEBERG6,20230820120000,-53.0682,-36.5492
1795,IIL_ICEBERG6,20230820130000,-53.0672,-36.5537
1796,IIL_ICEBERG6,20230820140000,-53.0664,-36.5583
1797,IIL_ICEBERG6,20230820150000,-53.0660,-36.5629
1798,IIL_ICEBERG6,20230820160000,-53.0659,-36.5674
1799,IIL_ICEBERG6,20230820170000,-53.0661,-36.5716
1800,IIL_ICEBERG6,20230820180000,-53.0666,-36.5755
1801,IIL_ICEBERG6,20230820190000,-53.0674,-36.5791
1802,IIL_ICEBERG6,20230820200000,-53.0684,-36.5822
1803,IIL_ICEBERG6,20230820210000,-53.0695,-36.5848
1804,IIL_ICEBERG6,20230820220000,-53.0707,-36.5868
1805,IIL_ICEBERG6,20230820230000,-53.0719,-36.5883
1806,IIL_ICEBERG6,20230821000000,-53.0731,-36.5891
1807,IIL_ICEBERG6,20230821010000,-53.0741,-36.5893
1808,IIL_ICEBERG6,20230821020000,-53.0747,-36.5890
1809,IIL_ICEBERG6,20230821030000,-53.0750,-36.5882
1810,IIL_ICEBERG6,20230821040000,-53.0747,-36.5872
1811,IIL_ICEBERG6,20230821050000,-53.0740,-36.5864
1812,IIL_ICEBERG6,20230821060000,-53.0730,-36.5859
1813,IIL_ICEBERG6,20230821070000,-53.0718,-36.5858
1814,IIL_ICEBERG6,20230821080000,-53.0704,-36.5861
1815,IIL_ICEBERG6,20230821090000,-53.0690,-36.5868
1816,IIL_ICEBERG6,20230821100000,-53.0676,-36.5879
1817,IIL_ICEBERG6,20230821110000,-53.0663,-36.5894
1818,IIL_ICEBERG6,20230821120000,-53.0652,-36.5914
1819,IIL_ICEBERG6,20230821130000,-53.0643,-36.5936
1820,IIL_ICEBERG6,20230821140000,-53.0636,-36.5961
1821,IIL_ICEBERG6,20230821150000,-53.0633,-36.5987
1822,IIL_ICEBERG6,20230821160000,-53.0634,-36.6013
1823,IIL_ICEBERG6,20230821170000,-53.0638,-36.6037
1824,IIL_ICEBERG6,20230821180000,-53.0646,-36.6060
1825,IIL_ICEBERG6,20230821190000,-53.0656,-36.6078
1826,IIL_ICEBERG6,20230821200000,-53.0669,-36.6093
1827,IIL_ICEBERG6,20230821210000,-53.0683,-36.6103
1828,IIL_ICEBERG6,20230821220000,-53.0698,-36.6109
1829,IIL_ICEBERG6,20230821230000,-53.0714,-36.6111
1830,IIL_ICEBERG6,20230822000000,-53.0730,-36.6109
1831,IIL_ICEBERG6,20230822010000,-53.0746,-36.6104
1832,IIL_ICEBERG6,20230822020000,-53.0762,-36.6096
1833,IIL_ICEBERG6,20230822030000,-53.0777,-36.6087
1834,IIL_ICEBERG6,20230822040000,-53.0792,-36.6076
1835,IIL_ICEBERG6,20230822050000,-53.0806,-36.6064
1836,IIL_ICEBERG6,20230822060000,-53.0820,-36.6053
1837,IIL_ICEBERG6,20230822070000,-53.0833,-36.6041
1838,IIL_ICEBERG6,20230822080000,-53.0846,-36.6031
1839,IIL_ICEBERG6,20230822090000,-53.0859,-36.6023
1840,IIL_ICEBERG6,20230822100000,-53.0873,-36.6017
1841,IIL_ICEBERG6,20230822110000,-53.0887,-36.6012
1842,IIL_ICEBERG6,20230822120000,-53.0903,-36.6010
1843,IIL_ICEBERG7,20230818120000,-53.3500,-37.2300
1844,IIL_ICEBERG7,20230818130000,-53.3482,-37.2385
1845,IIL_ICEBERG7,20230818140000,-53.3464,-37.2470
1846,IIL_ICEBERG7,20230818150000,-53.3448,-37.2554
1847,IIL_ICEBERG7,20230818160000,-53.3433,-37.2638
1848,IIL_ICEBERG7,20230818170000,-53.3418,-37.2721
1849,IIL_ICEBERG7,20230818180000,-53.3405,-37.2802
1850,IIL_ICEBERG7,20230818190000,-53.3392,-37.2883
1851,IIL_ICEBERG7,20230818200000,-53.3380,-37.2963
1852,IIL_ICEBERG7,20230818210000,-53.3370,-37.3042
1853,IIL_ICEBERG7,20230818220000,-53.3361,-37.3121
1854,IIL_ICEBERG7,20230818230000,-53.3352,-37.3198
1855,IIL_ICEBERG7,20230819000000,-53.3346,-37.3274
1856,IIL_ICEBERG7,20230819010000,-53.3340,-37.3349
1857,IIL_ICEBERG7,20230819020000,-53.3336,-37.3423
1858,IIL_ICEBERG7,20230819030000,-53.3333,-37.3496
1859,IIL_ICEBERG7,20230819040000,-53.3332,-37.3567
1860,IIL_ICEBERG7,20230819050000,-53.3332,-37.3636
1861,IIL_ICEBERG7,20230819060000,-53.3333,-37.3703
1862,IIL_ICEBERG7,20230819070000,-53.3335,-37.3769
1863,IIL_ICEBERG7,20230819080000,-53.3338,-37.3832
1864,IIL_ICEBERG7,20230819090000,-53.3342,-37.3894
1865,IIL_ICEBERG7,20230819100000,-53.3347,-37.3953
1866,IIL_ICEBERG7,20230819110000,-53.3353,-37.4010
1867,IIL_ICEBERG7,20230819120000,-53.3360,-37.4065
1868,IIL_ICEBERG7,20230819130000,-53.3370,-37.4118
1869,IIL_ICEBERG7,20230819140000,-53.3384,-37.4168
1870,IIL_ICEBERG7,20230819150000,-53.3402,-37.4213
1871,IIL_ICEBERG7,20230819160000,-53.3423,-37.4253
1872,IIL_ICEBERG7,20230819170000,-53.3447,-37.4286
1873,IIL_ICEBERG7,20230819180000,-53.3473,-37.4313
1874,IIL_ICEBERG7,20230819190000,-53.3501,-37.4331
1875,IIL_ICEBERG7,20230819200000,-53.3529,-37.4343
1876,IIL_ICEBERG7,20230819210000,-53.3556,-37.4346
1877,IIL_ICEBERG7,20230819220000,-53.3583,-37.4343
1878,IIL_ICEBERG7,20230819230000,-53.3607,-37.4333
1879,IIL_ICEBERG7,20230820000000,-53.3629,-37.4317
1880,IIL_ICEBERG7,20230820010000,-53.3648,-37.4298
1881,IIL_ICEBERG7,20230820020000,-53.3663,-37.4275
1882,IIL_ICEBERG7,20230820030000,-53.3674,-37.4250
1883,IIL_ICEBERG7,20230820040000,-53.3681,-37.4226
1884,IIL_ICEBERG7,20230820050000,-53.3684,-37.4203
1885,IIL_ICEBERG7,20230820060000,-53.3682,-37.4184
1886,IIL_ICEBERG7,20230820070000,-53.3677,-37.4172
1887,IIL_ICEBERG7,20230820080000,-53.3669,-37.4172
1888,IIL_ICEBERG7,20230820090000,-53.3661,-37.4184
1889,IIL_ICEBERG7,20230820100000,-53.3655,-37.4206
1890,IIL_ICEBERG7,20230820110000,-53.3651,-37.4235
1891,IIL_ICEBERG7,20230820120000,-53.3651,-37.4269
1892,IIL_ICEBERG7,20230820130000,-53.3654,-37.4306
1893,IIL_ICEBERG7,20230820140000,-53.3661,-37.4345
1894,IIL_ICEBERG7,20230820150000,-53.3670,-37.4384
1895,IIL_ICEBERG7,20230820160000,-53.3683,-37.4424
1896,IIL_ICEBERG7,20230820170000,-53.3698,-37.4462
1897,IIL_ICEBERG7,20230820180000,-53.3716,-37.4499
1898,IIL_ICEBERG7,20230820190000,-53.3736,-37.4535
1899,IIL_ICEBERG7,20230820200000,-53.3757,-37.4568
1900,IIL_ICEBERG7,20230820210000,-53.3781,-37.4598
1901,IIL_ICEBERG7,20230820220000,-53.3805,-37.4626
1902,IIL_ICEBERG7,20230820230000,-53.3831,-37.4651
1903,IIL_ICEBERG7,20230821000000,-53.3857,-37.4673
1904,IIL_ICEBERG7,20230821010000,-53.3884,-37.4693
1905,IIL_ICEBERG7,20230821020000,-53.3912,-37.4709
1906,IIL_ICEBERG7,20230821030000,-53.3939,-37.4722
1907,IIL_ICEBERG7,20230821040000,-53.3967,-37.4731
1908,IIL_ICEBERG7,20230821050000,-53.3994,-37.4738
1909,IIL_ICEBERG7,20230821060000,-53.4020,-37.4741
1910,IIL_ICEBERG7,20230821070000,-53.4046,-37.4741
1911,IIL_ICEBERG7,20230821080000,-53.4072,-37.4739
1912,IIL_ICEBERG7,20230821090000,-53.4096,-37.4734
1913,IIL_ICEBERG7,20230821100000,-53.4119,-37.4727
1914,IIL_ICEBERG7,20230821110000,-53.4141,-37.4718
1915,IIL_ICEBERG7,20230821120000,-53.4163,-37.4709
1916,IIL_ICEBERG7,20230821130000,-53.4183,-37.4698
1917,IIL_ICEBERG7,20230821140000,-53.4203,-37.4688
1918,IIL_ICEBERG7,20230821150000,-53.4223,-37.4677
1919,IIL_ICEBERG7,20230821160000,-53.4244,-37.4667
1920,IIL_ICEBERG7,20230821170000,-53.4264,-37.4657
1921,IIL_ICEBERG7,20230821180000,-53.4285,-37.4648
1922,IIL_ICEBERG7,20230821190000,-53.4307,-37.4639
1923,IIL_ICEBERG7,20230821200000,-53.4330,-37.4632
1924,IIL_ICEBERG7,20230821210000,-53.4354,-37.4625
1925,IIL_ICEBERG7,20230821220000,-53.4380,-37.4619
1926,IIL_ICEBERG7,20230821230000,-53.4408,-37.4614
1927,IIL_ICEBERG7,20230822000000,-53.4437,-37.4609
1928,IIL_ICEBERG7,20230822010000,-53.4469,-37.4606
1929,IIL_ICEBERG7,20230822020000,-53.4503,-37.4603
1930,IIL_ICEBERG7,20230822030000,-53.4539,-37.4599
1931,IIL_ICEBERG7,20230822040000,-53.4577,-37.4595
1932,IIL_ICEBERG7,20230822050000,-53.4617,-37.4590
1933,IIL_ICEBERG7,20230822060000,-53.4659,-37.4583
1934,IIL_ICEBERG7,20230822070000,-53.4703,-37.4576
1935,IIL_ICEBERG7,20230822080000,-53.4748,-37.4567
1936,IIL_ICEBERG7,20230822090000,-53.4796,-37.4557
1937,IIL_ICEBERG7,20230822100000,-53.4845,-37.4546
1938,IIL_ICEBERG7,20230822110000,-53.4896,-37.4533
1939,IIL_ICEBERG7,20230822120000,-53.4949,-37.4519
