IIL_A76A,20230818120000,-51.45,-38.19
IIL_A76A,20230818130000,-51.4483,-38.1887
IIL_A76A,20230818140000,-51.4466,-38.188
IIL_A76A,20230818150000,-51.4448,-38.1876
IIL_A76A,20230818160000,-51.443,-38.1878
IIL_A76A,20230818170000,-51.4414,-38.1885
IIL_A76A,20230818180000,-51.4399,-38.1896
IIL_A76A,20230818190000,-51.4387,-38.1912
IIL_A76A,20230818200000,-51.4378,-38.193
IIL_A76A,20230818210000,-51.4373,-38.195
IIL_A76A,20230818220000,-51.4371,-38.197
IIL_A76A,20230818230000,-51.4374,-38.1988
IIL_A76A,20230819000000,-51.4381,-38.2003
IIL_A76A,20230819010000,-51.4391,-38.2012
IIL_A76A,20230819020000,-51.4403,-38.2015
IIL_A76A,20230819030000,-51.4415,-38.2012
IIL_A76A,20230819040000,-51.4427,-38.2002
IIL_A76A,20230819050000,-51.4438,-38.1987
IIL_A76A,20230819060000,-51.4446,-38.1967
IIL_A76A,20230819070000,-51.4452,-38.1944
IIL_A76A,20230819080000,-51.4455,-38.1918
IIL_A76A,20230819090000,-51.4455,-38.1891
IIL_A76A,20230819100000,-51.4452,-38.1865
IIL_A76A,20230819110000,-51.4446,-38.1841
IIL_A76A,20230819120000,-51.4438,-38.1819
IIL_A76A,20230819130000,-51.4427,-38.1802
IIL_A76A,20230819140000,-51.4415,-38.1788
IIL_A76A,20230819150000,-51.4402,-38.1779
IIL_A76A,20230819160000,-51.439,-38.1775
IIL_A76A,20230819170000,-51.4379,-38.1775
IIL_A76A,20230819180000,-51.4371,-38.1779
IIL_A76A,20230819190000,-51.4367,-38.1787
IIL_A76A,20230819200000,-51.4368,-38.1795
IIL_A76A,20230819210000,-51.4373,-38.1801
IIL_A76A,20230819220000,-51.4381,-38.1803
IIL_A76A,20230819230000,-51.4392,-38.18
IIL_A76A,20230820000000,-51.4404,-38.1792
IIL_A76A,20230820010000,-51.4417,-38.178
IIL_A76A,20230820020000,-51.443,-38.1763
IIL_A76A,20230820030000,-51.4442,-38.1743
IIL_A76A,20230820040000,-51.4453,-38.172
IIL_A76A,20230820050000,-51.4463,-38.1695
IIL_A76A,20230820060000,-51.4472,-38.1669
IIL_A76A,20230820070000,-51.4479,-38.1641
IIL_A76A,20230820080000,-51.4484,-38.1612
IIL_A76A,20230820090000,-51.4488,-38.1584
IIL_A76A,20230820100000,-51.449,-38.1556
IIL_A76A,20230820110000,-51.4491,-38.1529
IIL_A76A,20230820120000,-51.449,-38.1503
IIL_A76A,20230820130000,-51.4489,-38.1479
IIL_A76A,20230820140000,-51.4487,-38.1458
IIL_A76A,20230820150000,-51.4484,-38.144
IIL_A76A,20230820160000,-51.4482,-38.1425
IIL_A76A,20230820170000,-51.4482,-38.1414
IIL_A76A,20230820180000,-51.4483,-38.1406
IIL_A76A,20230820190000,-51.4487,-38.1401
IIL_A76A,20230820200000,-51.4494,-38.1398
IIL_A76A,20230820210000,-51.4503,-38.1396
IIL_A76A,20230820220000,-51.4514,-38.1394
IIL_A76A,20230820230000,-51.4528,-38.139
IIL_A76A,20230821000000,-51.4543,-38.1384
IIL_A76A,20230821010000,-51.456,-38.1376
IIL_A76A,20230821020000,-51.4577,-38.1364
IIL_A76A,20230821030000,-51.4595,-38.135
IIL_A76A,20230821040000,-51.4613,-38.1332
IIL_A76A,20230821050000,-51.463,-38.1311
IIL_A76A,20230821060000,-51.4648,-38.1288
IIL_A76A,20230821070000,-51.4665,-38.1261
IIL_A76A,20230821080000,-51.4681,-38.1233
IIL_A76A,20230821090000,-51.4695,-38.1202
IIL_A76A,20230821100000,-51.4709,-38.117
IIL_A76A,20230821110000,-51.4722,-38.1137
IIL_A76A,20230821120000,-51.4733,-38.1103
IIL_A76A,20230821130000,-51.4743,-38.1069
IIL_A76A,20230821140000,-51.4752,-38.1034
IIL_A76A,20230821150000,-51.4759,-38.1
IIL_A76A,20230821160000,-51.4765,-38.0967
IIL_A76A,20230821170000,-51.4769,-38.0935
IIL_A76A,20230821180000,-51.4773,-38.0905
IIL_A76A,20230821190000,-51.4776,-38.0877
IIL_A76A,20230821200000,-51.4779,-38.0852
IIL_A76A,20230821210000,-51.4783,-38.083
IIL_A76A,20230821220000,-51.4787,-38.0812
IIL_A76A,20230821230000,-51.4792,-38.0798
IIL_A76A,20230822000000,-51.48,-38.0788
IIL_A76A,20230822010000,-51.4812,-38.0782
IIL_A76A,20230822020000,-51.4825,-38.0778
IIL_A76A,20230822030000,-51.4842,-38.0774
IIL_A76A,20230822040000,-51.4861,-38.077
IIL_A76A,20230822050000,-51.4882,-38.0765
IIL_A76A,20230822060000,-51.4905,-38.0758
IIL_A76A,20230822070000,-51.4929,-38.0747
IIL_A76A,20230822080000,-51.4955,-38.0734
IIL_A76A,20230822090000,-51.498,-38.0717
IIL_A76A,20230822100000,-51.5006,-38.0696
IIL_A76A,20230822110000,-51.5032,-38.0672
IIL_A76A,20230822120000,-51.5057,-38.0645
IIL_A76F,20230818120000,-51.32,-37.23
IIL_A76F,20230818130000,-51.3183,-37.2295
IIL_A76F,20230818140000,-51.3165,-37.2294
IIL_A76F,20230818150000,-51.3146,-37.2298
IIL_A76F,20230818160000,-51.3127,-37.2305
IIL_A76F,20230818170000,-51.3109,-37.2317
IIL_A76F,20230818180000,-51.3092,-37.2332
IIL_A76F,20230818190000,-51.3076,-37.2352
IIL_A76F,20230818200000,-51.3062,-37.2374
IIL_A76F,20230818210000,-51.305,-37.2398
IIL_A76F,20230818220000,-51.304,-37.2424
IIL_A76F,20230818230000,-51.3034,-37.2451
IIL_A76F,20230819000000,-51.3029,-37.2476
IIL_A76F,20230819010000,-51.3028,-37.2501
IIL_A76F,20230819020000,-51.3029,-37.2523
IIL_A76F,20230819030000,-51.3032,-37.2541
IIL_A76F,20230819040000,-51.3037,-37.2555
IIL_A76F,20230819050000,-51.3044,-37.2561
IIL_A76F,20230819060000,-51.305,-37.256
IIL_A76F,20230819070000,-51.3054,-37.2551
IIL_A76F,20230819080000,-51.3056,-37.2538
IIL_A76F,20230819090000,-51.3056,-37.252
IIL_A76F,20230819100000,-51.3052,-37.2501
IIL_A76F,20230819110000,-51.3046,-37.2481
IIL_A76F,20230819120000,-51.3036,-37.2462
IIL_A76F,20230819130000,-51.3023,-37.2446
IIL_A76F,20230819140000,-51.3007,-37.2434
IIL_A76F,20230819150000,-51.299,-37.2426
IIL_A76F,20230819160000,-51.2972,-37.2422
IIL_A76F,20230819170000,-51.2954,-37.2422
IIL_A76F,20230819180000,-51.2938,-37.2427
IIL_A76F,20230819190000,-51.2923,-37.2435
IIL_A76F,20230819200000,-51.2911,-37.2446
IIL_A76F,20230819210000,-51.2901,-37.2459
IIL_A76F,20230819220000,-51.2895,-37.2473
IIL_A76F,20230819230000,-51.2892,-37.2486
IIL_A76F,20230820000000,-51.2893,-37.2498
IIL_A76F,20230820010000,-51.2897,-37.2506
IIL_A76F,20230820020000,-51.2903,-37.2509
IIL_A76F,20230820030000,-51.2911,-37.2505
IIL_A76F,20230820040000,-51.2919,-37.2495
IIL_A76F,20230820050000,-51.2925,-37.248
IIL_A76F,20230820060000,-51.2929,-37.2462
IIL_A76F,20230820070000,-51.293,-37.2442
IIL_A76F,20230820080000,-51.293,-37.242
IIL_A76F,20230820090000,-51.2926,-37.2399
IIL_A76F,20230820100000,-51.2921,-37.2378
IIL_A76F,20230820110000,-51.2914,-37.236
IIL_A76F,20230820120000,-51.2905,-37.2344
IIL_A76F,20230820130000,-51.2895,-37.2332
IIL_A76F,20230820140000,-51.2885,-37.2324
IIL_A76F,20230820150000,-51.2875,-37.232
IIL_A76F,20230820160000,-51.2867,-37.2321
IIL_A76F,20230820170000,-51.286,-37.2327
IIL_A76F,20230820180000,-51.2857,-37.2336
IIL_A76F,20230820190000,-51.2857,-37.2347
IIL_A76F,20230820200000,-51.2861,-37.2357
IIL_A76F,20230820210000,-51.2868,-37.2367
IIL_A76F,20230820220000,-51.2878,-37.2373
IIL_A76F,20230820230000,-51.289,-37.2376
IIL_A76F,20230821000000,-51.2903,-37.2375
IIL_A76F,20230821010000,-51.2917,-37.2369
IIL_A76F,20230821020000,-51.2931,-37.2359
IIL_A76F,20230821030000,-51.2945,-37.2346
IIL_A76F,20230821040000,-51.2958,-37.2328
IIL_A76F,20230821050000,-51.2971,-37.2307
IIL_A76F,20230821060000,-51.2982,-37.2283
IIL_A76F,20230821070000,-51.2991,-37.2258
IIL_A76F,20230821080000,-51.2999,-37.2231
IIL_A76F,20230821090000,-51.3006,-37.2204
IIL_A76F,20230821100000,-51.3011,-37.2176
IIL_A76F,20230821110000,-51.3014,-37.215
IIL_A76F,20230821120000,-51.3017,-37.2124
IIL_A76F,20230821130000,-51.3018,-37.2101
IIL_A76F,20230821140000,-51.3019,-37.2079
IIL_A76F,20230821150000,-51.3019,-37.2061
IIL_A76F,20230821160000,-51.3019,-37.2045
IIL_A76F,20230821170000,-51.3021,-37.2033
IIL_A76F,20230821180000,-51.3024,-37.2024
IIL_A76F,20230821190000,-51.3029,-37.2019
IIL_A76F,20230821200000,-51.3038,-37.2017
IIL_A76F,20230821210000,-51.3049,-37.2016
IIL_A76F,20230821220000,-51.3062,-37.2017
IIL_A76F,20230821230000,-51.3077,-37.2017
IIL_A76F,20230822000000,-51.3095,-37.2017
IIL_A76F,20230822010000,-51.3115,-37.2017
IIL_A76F,20230822020000,-51.3137,-37.2015
IIL_A76F,20230822030000,-51.316,-37.2011
IIL_A76F,20230822040000,-51.3185,-37.2005
IIL_A76F,20230822050000,-51.3211,-37.1996
IIL_A76F,20230822060000,-51.3238,-37.1984
IIL_A76F,20230822070000,-51.3265,-37.1969
IIL_A76F,20230822080000,-51.3292,-37.195
IIL_A76F,20230822090000,-51.3319,-37.1928
IIL_A76F,20230822100000,-51.3346,-37.1904
IIL_A76F,20230822110000,-51.3372,-37.1876
IIL_A76F,20230822120000,-51.3397,-37.1846
IIL_A76H,20230818120000,-52.53,-38.22
IIL_A76H,20230818130000,-52.5278,-38.2228
IIL_A76H,20230818140000,-52.5255,-38.2255
IIL_A76H,20230818150000,-52.5231,-38.2279
IIL_A76H,20230818160000,-52.5206,-38.2302
IIL_A76H,20230818170000,-52.518,-38.2324
IIL_A76H,20230818180000,-52.5153,-38.2345
IIL_A76H,20230818190000,-52.5125,-38.2365
IIL_A76H,20230818200000,-52.5096,-38.2385
IIL_A76H,20230818210000,-52.5066,-38.2406
IIL_A76H,20230818220000,-52.5035,-38.2427
IIL_A76H,20230818230000,-52.5004,-38.2449
IIL_A76H,20230819000000,-52.4972,-38.2472
IIL_A76H,20230819010000,-52.4939,-38.2496
IIL_A76H,20230819020000,-52.4907,-38.2522
IIL_A76H,20230819030000,-52.4874,-38.2549
IIL_A76H,20230819040000,-52.4841,-38.2579
IIL_A76H,20230819050000,-52.4807,-38.261
IIL_A76H,20230819060000,-52.4774,-38.2643
IIL_A76H,20230819070000,-52.4742,-38.2678
IIL_A76H,20230819080000,-52.4709,-38.2715
IIL_A76H,20230819090000,-52.4678,-38.2754
IIL_A76H,20230819100000,-52.4647,-38.2796
IIL_A76H,20230819110000,-52.4616,-38.2839
IIL_A76H,20230819120000,-52.4587,-38.2884
IIL_A76H,20230819130000,-52.4558,-38.2932
IIL_A76H,20230819140000,-52.4531,-38.2981
IIL_A76H,20230819150000,-52.4504,-38.3032
IIL_A76H,20230819160000,-52.4479,-38.3084
IIL_A76H,20230819170000,-52.4456,-38.3138
IIL_A76H,20230819180000,-52.4434,-38.3193
IIL_A76H,20230819190000,-52.4414,-38.3248
IIL_A76H,20230819200000,-52.4396,-38.3305
IIL_A76H,20230819210000,-52.438,-38.3362
IIL_A76H,20230819220000,-52.4366,-38.3419
IIL_A76H,20230819230000,-52.4354,-38.3476
IIL_A76H,20230820000000,-52.4344,-38.3532
IIL_A76H,20230820010000,-52.4337,-38.3587
IIL_A76H,20230820020000,-52.4333,-38.3641
IIL_A76H,20230820030000,-52.433,-38.3693
IIL_A76H,20230820040000,-52.433,-38.3743
IIL_A76H,20230820050000,-52.4332,-38.3791
IIL_A76H,20230820060000,-52.4336,-38.3836
IIL_A76H,20230820070000,-52.4341,-38.3878
IIL_A76H,20230820080000,-52.4347,-38.3916
IIL_A76H,20230820090000,-52.4353,-38.3951
IIL_A76H,20230820100000,-52.436,-38.3983
IIL_A76H,20230820110000,-52.4367,-38.401
IIL_A76H,20230820120000,-52.4373,-38.4034
IIL_A76H,20230820130000,-52.4378,-38.4055
IIL_A76H,20230820140000,-52.438,-38.4074
IIL_A76H,20230820150000,-52.438,-38.4091
IIL_A76H,20230820160000,-52.4377,-38.4108
IIL_A76H,20230820170000,-52.4371,-38.4125
IIL_A76H,20230820180000,-52.4364,-38.4144
IIL_A76H,20230820190000,-52.4354,-38.4165
IIL_A76H,20230820200000,-52.4344,-38.4189
IIL_A76H,20230820210000,-52.4332,-38.4216
IIL_A76H,20230820220000,-52.4321,-38.4247
IIL_A76H,20230820230000,-52.431,-38.428
IIL_A76H,20230821000000,-52.4299,-38.4317
IIL_A76H,20230821010000,-52.4289,-38.4356
IIL_A76H,20230821020000,-52.428,-38.4398
IIL_A76H,20230821030000,-52.4273,-38.4442
IIL_A76H,20230821040000,-52.4268,-38.4488
IIL_A76H,20230821050000,-52.4264,-38.4534
IIL_A76H,20230821060000,-52.4262,-38.4582
IIL_A76H,20230821070000,-52.4263,-38.463
IIL_A76H,20230821080000,-52.4265,-38.4679
IIL_A76H,20230821090000,-52.427,-38.4726
IIL_A76H,20230821100000,-52.4276,-38.4773
IIL_A76H,20230821110000,-52.4285,-38.4818
IIL_A76H,20230821120000,-52.4295,-38.4862
IIL_A76H,20230821130000,-52.4307,-38.4904
IIL_A76H,20230821140000,-52.4321,-38.4944
IIL_A76H,20230821150000,-52.4336,-38.4981
IIL_A76H,20230821160000,-52.4352,-38.5016
IIL_A76H,20230821170000,-52.4368,-38.5049
IIL_A76H,20230821180000,-52.4386,-38.5078
IIL_A76H,20230821190000,-52.4404,-38.5106
IIL_A76H,20230821200000,-52.4422,-38.5131
IIL_A76H,20230821210000,-52.444,-38.5154
IIL_A76H,20230821220000,-52.4458,-38.5175
IIL_A76H,20230821230000,-52.4475,-38.5195
IIL_A76H,20230822000000,-52.4492,-38.5215
IIL_A76H,20230822010000,-52.4509,-38.5234
IIL_A76H,20230822020000,-52.4525,-38.5253
IIL_A76H,20230822030000,-52.454,-38.5272
IIL_A76H,20230822040000,-52.4556,-38.5292
IIL_A76H,20230822050000,-52.457,-38.5313
IIL_A76H,20230822060000,-52.4585,-38.5335
IIL_A76H,20230822070000,-52.4599,-38.5358
IIL_A76H,20230822080000,-52.4613,-38.5383
IIL_A76H,20230822090000,-52.4628,-38.541
IIL_A76H,20230822100000,-52.4643,-38.5437
IIL_A76H,20230822110000,-52.4659,-38.5466
IIL_A76H,20230822120000,-52.4675,-38.5495
IIL_A76G,20230818120000,-54.16,-40.24
IIL_A76G,20230818130000,-54.1589,-40.2417
IIL_A76G,20230818140000,-54.1579,-40.2435
IIL_A76G,20230818150000,-54.1568,-40.2455
IIL_A76G,20230818160000,-54.1558,-40.2476
IIL_A76G,20230818170000,-54.1551,-40.2499
IIL_A76G,20230818180000,-54.1546,-40.2524
IIL_A76G,20230818190000,-54.1543,-40.2549
IIL_A76G,20230818200000,-54.1544,-40.2573
IIL_A76G,20230818210000,-54.1546,-40.2595
IIL_A76G,20230818220000,-54.1551,-40.2615
IIL_A76G,20230818230000,-54.1557,-40.263
IIL_A76G,20230819000000,-54.1565,-40.264
IIL_A76G,20230819010000,-54.1571,-40.2645
IIL_A76G,20230819020000,-54.1576,-40.2644
IIL_A76G,20230819030000,-54.1576,-40.2638
IIL_A76G,20230819040000,-54.1572,-40.2631
IIL_A76G,20230819050000,-54.1565,-40.2626
IIL_A76G,20230819060000,-54.1555,-40.2623
IIL_A76G,20230819070000,-54.1543,-40.2624
IIL_A76G,20230819080000,-54.1531,-40.263
IIL_A76G,20230819090000,-54.1519,-40.264
IIL_A76G,20230819100000,-54.1508,-40.2653
IIL_A76G,20230819110000,-54.1499,-40.267
IIL_A76G,20230819120000,-54.1493,-40.269
IIL_A76G,20230819130000,-54.1488,-40.271
IIL_A76G,20230819140000,-54.1487,-40.2731
IIL_A76G,20230819150000,-54.1487,-40.2751
IIL_A76G,20230819160000,-54.149,-40.2769
IIL_A76G,20230819170000,-54.1496,-40.2784
IIL_A76G,20230819180000,-54.1502,-40.2794
IIL_A76G,20230819190000,-54.151,-40.28
IIL_A76G,20230819200000,-54.1517,-40.28
IIL_A76G,20230819210000,-54.1524,-40.2795
IIL_A76G,20230819220000,-54.1528,-40.2786
IIL_A76G,20230819230000,-54.1531,-40.2775
IIL_A76G,20230820000000,-54.153,-40.2763
IIL_A76G,20230820010000,-54.1527,-40.2752
IIL_A76G,20230820020000,-54.1522,-40.2744
IIL_A76G,20230820030000,-54.1516,-40.2739
IIL_A76G,20230820040000,-54.1509,-40.2738
IIL_A76G,20230820050000,-54.1502,-40.2741
IIL_A76G,20230820060000,-54.1497,-40.2748
IIL_A76G,20230820070000,-54.1494,-40.2757
IIL_A76G,20230820080000,-54.1493,-40.2767
IIL_A76G,20230820090000,-54.1494,-40.2776
IIL_A76G,20230820100000,-54.1498,-40.2782
IIL_A76G,20230820110000,-54.1503,-40.2785
IIL_A76G,20230820120000,-54.1508,-40.2784
IIL_A76G,20230820130000,-54.1513,-40.278
IIL_A76G,20230820140000,-54.1518,-40.2774
IIL_A76G,20230820150000,-54.1521,-40.2767
IIL_A76G,20230820160000,-54.1524,-40.2759
IIL_A76G,20230820170000,-54.1526,-40.2752
IIL_A76G,20230820180000,-54.1526,-40.2747
IIL_A76G,20230820190000,-54.1527,-40.2743
IIL_A76G,20230820200000,-54.1528,-40.2743
IIL_A76G,20230820210000,-54.1529,-40.2744
IIL_A76G,20230820220000,-54.1532,-40.2748
IIL_A76G,20230820230000,-54.1536,-40.2752
IIL_A76G,20230821000000,-54.1542,-40.2756
IIL_A76G,20230821010000,-54.1549,-40.276
IIL_A76G,20230821020000,-54.1558,-40.2763
IIL_A76G,20230821030000,-54.1567,-40.2764
IIL_A76G,20230821040000,-54.1578,-40.2762
IIL_A76G,20230821050000,-54.1589,-40.2759
IIL_A76G,20230821060000,-54.16,-40.2754
IIL_A76G,20230821070000,-54.1611,-40.2746
IIL_A76G,20230821080000,-54.1623,-40.2737
IIL_A76G,20230821090000,-54.1634,-40.2727
IIL_A76G,20230821100000,-54.1645,-40.2715
IIL_A76G,20230821110000,-54.1656,-40.2702
IIL_A76G,20230821120000,-54.1666,-40.2689
IIL_A76G,20230821130000,-54.1677,-40.2675
IIL_A76G,20230821140000,-54.1688,-40.2661
IIL_A76G,20230821150000,-54.1699,-40.2647
IIL_A76G,20230821160000,-54.171,-40.2633
IIL_A76G,20230821170000,-54.1722,-40.2618
IIL_A76G,20230821180000,-54.1734,-40.2604
IIL_A76G,20230821190000,-54.1747,-40.2588
IIL_A76G,20230821200000,-54.176,-40.2573
IIL_A76G,20230821210000,-54.1773,-40.2557
IIL_A76G,20230821220000,-54.1786,-40.2541
IIL_A76G,20230821230000,-54.18,-40.2525
IIL_A76G,20230822000000,-54.1814,-40.251
IIL_A76G,20230822010000,-54.1829,-40.2495
IIL_A76G,20230822020000,-54.1844,-40.248
IIL_A76G,20230822030000,-54.1859,-40.2465
IIL_A76G,20230822040000,-54.1874,-40.2451
IIL_A76G,20230822050000,-54.189,-40.2438
IIL_A76G,20230822060000,-54.1907,-40.2425
IIL_A76G,20230822070000,-54.1924,-40.2414
IIL_A76G,20230822080000,-54.1943,-40.2405
IIL_A76G,20230822090000,-54.1962,-40.2397
IIL_A76G,20230822100000,-54.1983,-40.2391
IIL_A76G,20230822110000,-54.2005,-40.2386
IIL_A76G,20230822120000,-54.2028,-40.2381
IIL_A76L,20230818120000,-52.43,-41.47
IIL_A76L,20230818130000,-52.4281,-41.4698
IIL_A76L,20230818140000,-52.4263,-41.4698
IIL_A76L,20230818150000,-52.4245,-41.4701
IIL_A76L,20230818160000,-52.4228,-41.4705
IIL_A76L,20230818170000,-52.4213,-41.4711
IIL_A76L,20230818180000,-52.4198,-41.4718
IIL_A76L,20230818190000,-52.4186,-41.4725
IIL_A76L,20230818200000,-52.4176,-41.4731
IIL_A76L,20230818210000,-52.4167,-41.4735
IIL_A76L,20230818220000,-52.416,-41.4737
IIL_A76L,20230818230000,-52.4154,-41.4736
IIL_A76L,20230819000000,-52.4149,-41.4731
IIL_A76L,20230819010000,-52.4143,-41.4723
IIL_A76L,20230819020000,-52.4138,-41.4712
IIL_A76L,20230819030000,-52.4132,-41.4699
IIL_A76L,20230819040000,-52.4125,-41.4685
IIL_A76L,20230819050000,-52.4117,-41.467
IIL_A76L,20230819060000,-52.4109,-41.4655
IIL_A76L,20230819070000,-52.41,-41.4639
IIL_A76L,20230819080000,-52.4091,-41.4625
IIL_A76L,20230819090000,-52.4082,-41.461
IIL_A76L,20230819100000,-52.4072,-41.4597
IIL_A76L,20230819110000,-52.4061,-41.4584
IIL_A76L,20230819120000,-52.4051,-41.4572
IIL_A76L,20230819130000,-52.4041,-41.4561
IIL_A76L,20230819140000,-52.4031,-41.455
IIL_A76L,20230819150000,-52.4021,-41.454
IIL_A76L,20230819160000,-52.4012,-41.4531
IIL_A76L,20230819170000,-52.4003,-41.4523
IIL_A76L,20230819180000,-52.3995,-41.4514
IIL_A76L,20230819190000,-52.3987,-41.4505
IIL_A76L,20230819200000,-52.3981,-41.4496
IIL_A76L,20230819210000,-52.3975,-41.4486
IIL_A76L,20230819220000,-52.397,-41.4475
IIL_A76L,20230819230000,-52.3965,-41.4464
IIL_A76L,20230820000000,-52.396,-41.4453
IIL_A76L,20230820010000,-52.3955,-41.4441
IIL_A76L,20230820020000,-52.395,-41.4429
IIL_A76L,20230820030000,-52.3946,-41.4417
IIL_A76L,20230820040000,-52.3941,-41.4404
IIL_A76L,20230820050000,-52.3938,-41.4391
IIL_A76L,20230820060000,-52.3935,-41.4376
IIL_A76L,20230820070000,-52.3932,-41.436
IIL_A76L,20230820080000,-52.3929,-41.4342
IIL_A76L,20230820090000,-52.3926,-41.4324
IIL_A76L,20230820100000,-52.3923,-41.4305
IIL_A76L,20230820110000,-52.3919,-41.4286
IIL_A76L,20230820120000,-52.3914,-41.4269
IIL_A76L,20230820130000,-52.3909,-41.4252
IIL_A76L,20230820140000,-52.3904,-41.4237
IIL_A76L,20230820150000,-52.3899,-41.4223
IIL_A76L,20230820160000,-52.3894,-41.4211
IIL_A76L,20230820170000,-52.389,-41.42
IIL_A76L,20230820180000,-52.3888,-41.4191
IIL_A76L,20230820190000,-52.3887,-41.4182
IIL_A76L,20230820200000,-52.3887,-41.4174
IIL_A76L,20230820210000,-52.389,-41.4166
IIL_A76L,20230820220000,-52.3893,-41.4157
IIL_A76L,20230820230000,-52.3899,-41.4147
IIL_A76L,20230821000000,-52.3905,-41.4136
IIL_A76L,20230821010000,-52.3912,-41.4123
IIL_A76L,20230821020000,-52.3919,-41.4109
IIL_A76L,20230821030000,-52.3927,-41.4093
IIL_A76L,20230821040000,-52.3936,-41.4075
IIL_A76L,20230821050000,-52.3944,-41.4055
IIL_A76L,20230821060000,-52.3953,-41.4035
IIL_A76L,20230821070000,-52.3962,-41.4013
IIL_A76L,20230821080000,-52.3971,-41.399
IIL_A76L,20230821090000,-52.398,-41.3966
IIL_A76L,20230821100000,-52.3988,-41.394
IIL_A76L,20230821110000,-52.3996,-41.3913
IIL_A76L,20230821120000,-52.4003,-41.3885
IIL_A76L,20230821130000,-52.4009,-41.3857
IIL_A76L,20230821140000,-52.4014,-41.3829
IIL_A76L,20230821150000,-52.4019,-41.3802
IIL_A76L,20230821160000,-52.4023,-41.3776
IIL_A76L,20230821170000,-52.4026,-41.3751
IIL_A76L,20230821180000,-52.403,-41.3728
IIL_A76L,20230821190000,-52.4033,-41.3707
IIL_A76L,20230821200000,-52.4037,-41.3688
IIL_A76L,20230821210000,-52.4042,-41.3673
IIL_A76L,20230821220000,-52.4049,-41.3661
IIL_A76L,20230821230000,-52.4057,-41.3653
IIL_A76L,20230822000000,-52.4069,-41.3648
IIL_A76L,20230822010000,-52.4082,-41.3644
IIL_A76L,20230822020000,-52.4098,-41.3641
IIL_A76L,20230822030000,-52.4116,-41.3637
IIL_A76L,20230822040000,-52.4136,-41.3633
IIL_A76L,20230822050000,-52.4158,-41.3627
IIL_A76L,20230822060000,-52.418,-41.3619
IIL_A76L,20230822070000,-52.4204,-41.361
IIL_A76L,20230822080000,-52.4229,-41.3598
IIL_A76L,20230822090000,-52.4254,-41.3584
IIL_A76L,20230822100000,-52.428,-41.3569
IIL_A76L,20230822110000,-52.4305,-41.3551
IIL_A76L,20230822120000,-52.4331,-41.3532
IIL_A76M,20230818120000,-52.37,-39.54
IIL_A76M,20230818130000,-52.369,-39.5414
IIL_A76M,20230818140000,-52.3682,-39.543
IIL_A76M,20230818150000,-52.3676,-39.5449
IIL_A76M,20230818160000,-52.3673,-39.5468
IIL_A76M,20230818170000,-52.3672,-39.5487
IIL_A76M,20230818180000,-52.3674,-39.5505
IIL_A76M,20230818190000,-52.3679,-39.5519
IIL_A76M,20230818200000,-52.3686,-39.5531
IIL_A76M,20230818210000,-52.3694,-39.5537
IIL_A76M,20230818220000,-52.3704,-39.5537
IIL_A76M,20230818230000,-52.3713,-39.5533
IIL_A76M,20230819000000,-52.3721,-39.5523
IIL_A76M,20230819010000,-52.3728,-39.551
IIL_A76M,20230819020000,-52.3731,-39.5494
IIL_A76M,20230819030000,-52.3732,-39.5478
IIL_A76M,20230819040000,-52.373,-39.5462
IIL_A76M,20230819050000,-52.3725,-39.5447
IIL_A76M,20230819060000,-52.3718,-39.5436
IIL_A76M,20230819070000,-52.371,-39.5429
IIL_A76M,20230819080000,-52.3701,-39.5425
IIL_A76M,20230819090000,-52.3692,-39.5428
IIL_A76M,20230819100000,-52.3683,-39.5435
IIL_A76M,20230819110000,-52.3676,-39.5446
IIL_A76M,20230819120000,-52.3672,-39.5461
IIL_A76M,20230819130000,-52.367,-39.5478
IIL_A76M,20230819140000,-52.3672,-39.5495
IIL_A76M,20230819150000,-52.3677,-39.5512
IIL_A76M,20230819160000,-52.3684,-39.5527
IIL_A76M,20230819170000,-52.3694,-39.5538
IIL_A76M,20230819180000,-52.3707,-39.5544
IIL_A76M,20230819190000,-52.372,-39.5547
IIL_A76M,20230819200000,-52.3734,-39.5544
IIL_A76M,20230819210000,-52.3747,-39.5536
IIL_A76M,20230819220000,-52.3759,-39.5525
IIL_A76M,20230819230000,-52.3769,-39.551
IIL_A76M,20230820000000,-52.3777,-39.5493
IIL_A76M,20230820010000,-52.3784,-39.5475
IIL_A76M,20230820020000,-52.3789,-39.5456
IIL_A76M,20230820030000,-52.3793,-39.5438
IIL_A76M,20230820040000,-52.3795,-39.5419
IIL_A76M,20230820050000,-52.3797,-39.5402
IIL_A76M,20230820060000,-52.3797,-39.5387
IIL_A76M,20230820070000,-52.3797,-39.5374
IIL_A76M,20230820080000,-52.3796,-39.5365
IIL_A76M,20230820090000,-52.3796,-39.536
IIL_A76M,20230820100000,-52.3797,-39.536
IIL_A76M,20230820110000,-52.38,-39.5364
IIL_A76M,20230820120000,-52.3806,-39.537
IIL_A76M,20230820130000,-52.3814,-39.5376
IIL_A76M,20230820140000,-52.3824,-39.5381
IIL_A76M,20230820150000,-52.3836,-39.5386
IIL_A76M,20230820160000,-52.385,-39.5388
IIL_A76M,20230820170000,-52.3864,-39.5389
IIL_A76M,20230820180000,-52.388,-39.5388
IIL_A76M,20230820190000,-52.3897,-39.5385
IIL_A76M,20230820200000,-52.3914,-39.5379
IIL_A76M,20230820210000,-52.3931,-39.5371
IIL_A76M,20230820220000,-52.3948,-39.5363
IIL_A76M,20230820230000,-52.3965,-39.5352
IIL_A76M,20230821000000,-52.3982,-39.534
IIL_A76M,20230821010000,-52.3998,-39.5327
IIL_A76M,20230821020000,-52.4014,-39.5312
IIL_A76M,20230821030000,-52.403,-39.5296
IIL_A76M,20230821040000,-52.4045,-39.5279
IIL_A76M,20230821050000,-52.4059,-39.5262
IIL_A76M,20230821060000,-52.4073,-39.5244
IIL_A76M,20230821070000,-52.4087,-39.5226
IIL_A76M,20230821080000,-52.4101,-39.5208
IIL_A76M,20230821090000,-52.4114,-39.519
IIL_A76M,20230821100000,-52.4127,-39.5173
IIL_A76M,20230821110000,-52.414,-39.5155
IIL_A76M,20230821120000,-52.4153,-39.5138
IIL_A76M,20230821130000,-52.4167,-39.5122
IIL_A76M,20230821140000,-52.418,-39.5107
IIL_A76M,20230821150000,-52.4194,-39.5093
IIL_A76M,20230821160000,-52.4208,-39.5081
IIL_A76M,20230821170000,-52.4223,-39.507
IIL_A76M,20230821180000,-52.4239,-39.506
IIL_A76M,20230821190000,-52.4255,-39.5051
IIL_A76M,20230821200000,-52.4273,-39.5044
IIL_A76M,20230821210000,-52.4291,-39.5037
IIL_A76M,20230821220000,-52.431,-39.5031
IIL_A76M,20230821230000,-52.433,-39.5025
IIL_A76M,20230822000000,-52.4352,-39.502
IIL_A76M,20230822010000,-52.4374,-39.5016
IIL_A76M,20230822020000,-52.4397,-39.5013
IIL_A76M,20230822030000,-52.442,-39.501
IIL_A76M,20230822040000,-52.4445,-39.5006
IIL_A76M,20230822050000,-52.4471,-39.5003
IIL_A76M,20230822060000,-52.4498,-39.4999
IIL_A76M,20230822070000,-52.4525,-39.4995
IIL_A76M,20230822080000,-52.4553,-39.499
IIL_A76M,20230822090000,-52.4582,-39.4985
IIL_A76M,20230822100000,-52.4611,-39.4979
IIL_A76M,20230822110000,-52.4641,-39.4972
IIL_A76M,20230822120000,-52.4671,-39.4964
IIL_A76N,20230818120000,-52.24,-40.57
IIL_A76N,20230818130000,-52.2381,-40.5703
IIL_A76N,20230818140000,-52.2362,-40.5709
IIL_A76N,20230818150000,-52.2343,-40.5717
IIL_A76N,20230818160000,-52.2325,-40.5727
IIL_A76N,20230818170000,-52.2308,-40.5739
IIL_A76N,20230818180000,-52.2292,-40.5753
IIL_A76N,20230818190000,-52.2277,-40.5768
IIL_A76N,20230818200000,-52.2264,-40.5784
IIL_A76N,20230818210000,-52.2253,-40.5801
IIL_A76N,20230818220000,-52.2245,-40.5817
IIL_A76N,20230818230000,-52.2238,-40.5833
IIL_A76N,20230819000000,-52.2233,-40.5847
IIL_A76N,20230819010000,-52.223,-40.5858
IIL_A76N,20230819020000,-52.2228,-40.5865
IIL_A76N,20230819030000,-52.2226,-40.5869
IIL_A76N,20230819040000,-52.2223,-40.5869
IIL_A76N,20230819050000,-52.222,-40.5865
IIL_A76N,20230819060000,-52.2214,-40.586
IIL_A76N,20230819070000,-52.2207,-40.5854
IIL_A76N,20230819080000,-52.2199,-40.5848
IIL_A76N,20230819090000,-52.2189,-40.5843
IIL_A76N,20230819100000,-52.2177,-40.584
IIL_A76N,20230819110000,-52.2165,-40.584
IIL_A76N,20230819120000,-52.2153,-40.5842
IIL_A76N,20230819130000,-52.2141,-40.5847
IIL_A76N,20230819140000,-52.213,-40.5855
IIL_A76N,20230819150000,-52.2119,-40.5865
IIL_A76N,20230819160000,-52.211,-40.5877
IIL_A76N,20230819170000,-52.2104,-40.5889
IIL_A76N,20230819180000,-52.21,-40.5902
IIL_A76N,20230819190000,-52.2099,-40.5914
IIL_A76N,20230819200000,-52.21,-40.5923
IIL_A76N,20230819210000,-52.2103,-40.5928
IIL_A76N,20230819220000,-52.2106,-40.5928
IIL_A76N,20230819230000,-52.2108,-40.5924
IIL_A76N,20230820000000,-52.2109,-40.5916
IIL_A76N,20230820010000,-52.2108,-40.5907
IIL_A76N,20230820020000,-52.2105,-40.5897
IIL_A76N,20230820030000,-52.21,-40.5888
IIL_A76N,20230820040000,-52.2094,-40.5879
IIL_A76N,20230820050000,-52.2088,-40.5871
IIL_A76N,20230820060000,-52.2081,-40.5864
IIL_A76N,20230820070000,-52.2074,-40.5858
IIL_A76N,20230820080000,-52.2067,-40.5853
IIL_A76N,20230820090000,-52.2061,-40.5849
IIL_A76N,20230820100000,-52.2054,-40.5847
IIL_A76N,20230820110000,-52.2048,-40.5847
IIL_A76N,20230820120000,-52.2043,-40.585
IIL_A76N,20230820130000,-52.2039,-40.5855
IIL_A76N,20230820140000,-52.2038,-40.586
IIL_A76N,20230820150000,-52.2038,-40.5866
IIL_A76N,20230820160000,-52.204,-40.587
IIL_A76N,20230820170000,-52.2044,-40.5873
IIL_A76N,20230820180000,-52.2049,-40.5873
IIL_A76N,20230820190000,-52.2055,-40.5871
IIL_A76N,20230820200000,-52.2061,-40.5867
IIL_A76N,20230820210000,-52.2067,-40.5862
IIL_A76N,20230820220000,-52.2072,-40.5855
IIL_A76N,20230820230000,-52.2077,-40.5847
IIL_A76N,20230821000000,-52.2082,-40.5838
IIL_A76N,20230821010000,-52.2086,-40.5829
IIL_A76N,20230821020000,-52.2089,-40.5819
IIL_A76N,20230821030000,-52.2093,-40.5809
IIL_A76N,20230821040000,-52.2096,-40.58
IIL_A76N,20230821050000,-52.2101,-40.5791
IIL_A76N,20230821060000,-52.2106,-40.5782
IIL_A76N,20230821070000,-52.2112,-40.5774
IIL_A76N,20230821080000,-52.2118,-40.5764
IIL_A76N,20230821090000,-52.2125,-40.5753
IIL_A76N,20230821100000,-52.2133,-40.5741
IIL_A76N,20230821110000,-52.214,-40.5728
IIL_A76N,20230821120000,-52.2148,-40.5713
IIL_A76N,20230821130000,-52.2155,-40.5698
IIL_A76N,20230821140000,-52.2162,-40.5682
IIL_A76N,20230821150000,-52.2169,-40.5666
IIL_A76N,20230821160000,-52.2175,-40.565
IIL_A76N,20230821170000,-52.2181,-40.5634
IIL_A76N,20230821180000,-52.2186,-40.5618
IIL_A76N,20230821190000,-52.2191,-40.5604
IIL_A76N,20230821200000,-52.2196,-40.5591
IIL_A76N,20230821210000,-52.2201,-40.558
IIL_A76N,20230821220000,-52.2208,-40.5572
IIL_A76N,20230821230000,-52.2215,-40.5566
IIL_A76N,20230822000000,-52.2224,-40.5562
IIL_A76N,20230822010000,-52.2234,-40.5559
IIL_A76N,20230822020000,-52.2246,-40.5557
IIL_A76N,20230822030000,-52.226,-40.5554
IIL_A76N,20230822040000,-52.2275,-40.5551
IIL_A76N,20230822050000,-52.2291,-40.5545
IIL_A76N,20230822060000,-52.2307,-40.5538
IIL_A76N,20230822070000,-52.2325,-40.5529
IIL_A76N,20230822080000,-52.2343,-40.5518
IIL_A76N,20230822090000,-52.236,-40.5505
IIL_A76N,20230822100000,-52.2378,-40.5489
IIL_A76N,20230822110000,-52.2395,-40.5471
IIL_A76N,20230822120000,-52.2412,-40.545
IIL_A76P,20230818120000,-52.32,-39.55
IIL_A76P,20230818130000,-52.3186,-39.5511
IIL_A76P,20230818140000,-52.3173,-39.5525
IIL_A76P,20230818150000,-52.3161,-39.5542
IIL_A76P,20230818160000,-52.3151,-39.5562
IIL_A76P,20230818170000,-52.3143,-39.5585
IIL_A76P,20230818180000,-52.3137,-39.5609
IIL_A76P,20230818190000,-52.3133,-39.5634
IIL_A76P,20230818200000,-52.3133,-39.5658
IIL_A76P,20230818210000,-52.3136,-39.568
IIL_A76P,20230818220000,-52.3141,-39.57
IIL_A76P,20230818230000,-52.315,-39.5715
IIL_A76P,20230819000000,-52.316,-39.5725
IIL_A76P,20230819010000,-52.3171,-39.573
IIL_A76P,20230819020000,-52.3181,-39.5729
IIL_A76P,20230819030000,-52.3191,-39.5723
IIL_A76P,20230819040000,-52.3198,-39.5712
IIL_A76P,20230819050000,-52.3202,-39.5698
IIL_A76P,20230819060000,-52.3203,-39.5683
IIL_A76P,20230819070000,-52.32,-39.5668
IIL_A76P,20230819080000,-52.3195,-39.5655
IIL_A76P,20230819090000,-52.3187,-39.5646
IIL_A76P,20230819100000,-52.3177,-39.5641
IIL_A76P,20230819110000,-52.3165,-39.5643
IIL_A76P,20230819120000,-52.3154,-39.565
IIL_A76P,20230819130000,-52.3145,-39.5662
IIL_A76P,20230819140000,-52.3137,-39.5679
IIL_A76P,20230819150000,-52.3133,-39.5699
IIL_A76P,20230819160000,-52.3131,-39.5721
IIL_A76P,20230819170000,-52.3133,-39.5743
IIL_A76P,20230819180000,-52.3139,-39.5764
IIL_A76P,20230819190000,-52.3148,-39.5782
IIL_A76P,20230819200000,-52.3159,-39.5797
IIL_A76P,20230819210000,-52.3173,-39.5807
IIL_A76P,20230819220000,-52.3187,-39.5812
IIL_A76P,20230819230000,-52.3201,-39.5812
IIL_A76P,20230820000000,-52.3216,-39.5808
IIL_A76P,20230820010000,-52.3229,-39.5799
IIL_A76P,20230820020000,-52.3242,-39.5787
IIL_A76P,20230820030000,-52.3254,-39.5771
IIL_A76P,20230820040000,-52.3265,-39.5752
IIL_A76P,20230820050000,-52.3274,-39.5731
IIL_A76P,20230820060000,-52.3281,-39.5708
IIL_A76P,20230820070000,-52.3286,-39.5686
IIL_A76P,20230820080000,-52.3289,-39.5664
IIL_A76P,20230820090000,-52.3289,-39.5645
IIL_A76P,20230820100000,-52.3287,-39.563
IIL_A76P,20230820110000,-52.3284,-39.5619
IIL_A76P,20230820120000,-52.328,-39.5615
IIL_A76P,20230820130000,-52.3277,-39.5618
IIL_A76P,20230820140000,-52.3277,-39.5626
IIL_A76P,20230820150000,-52.328,-39.5638
IIL_A76P,20230820160000,-52.3287,-39.5651
IIL_A76P,20230820170000,-52.3297,-39.5665
IIL_A76P,20230820180000,-52.3309,-39.5677
IIL_A76P,20230820190000,-52.3324,-39.5688
IIL_A76P,20230820200000,-52.334,-39.5697
IIL_A76P,20230820210000,-52.3359,-39.5703
IIL_A76P,20230820220000,-52.3378,-39.5708
IIL_A76P,20230820230000,-52.3399,-39.571
IIL_A76P,20230821000000,-52.342,-39.5709
IIL_A76P,20230821010000,-52.3442,-39.5705
IIL_A76P,20230821020000,-52.3464,-39.5698
IIL_A76P,20230821030000,-52.3486,-39.5688
IIL_A76P,20230821040000,-52.3508,-39.5675
IIL_A76P,20230821050000,-52.353,-39.5661
IIL_A76P,20230821060000,-52.3551,-39.5643
IIL_A76P,20230821070000,-52.3572,-39.5624
IIL_A76P,20230821080000,-52.3592,-39.5603
IIL_A76P,20230821090000,-52.3611,-39.5581
IIL_A76P,20230821100000,-52.363,-39.5557
IIL_A76P,20230821110000,-52.3649,-39.5532
IIL_A76P,20230821120000,-52.3666,-39.5507
IIL_A76P,20230821130000,-52.3683,-39.5482
IIL_A76P,20230821140000,-52.3699,-39.5457
IIL_A76P,20230821150000,-52.3714,-39.5432
IIL_A76P,20230821160000,-52.3729,-39.5409
IIL_A76P,20230821170000,-52.3744,-39.5387
IIL_A76P,20230821180000,-52.3759,-39.5368
IIL_A76P,20230821190000,-52.3774,-39.535
IIL_A76P,20230821200000,-52.379,-39.5335
IIL_A76P,20230821210000,-52.3807,-39.5322
IIL_A76P,20230821220000,-52.3825,-39.5312
IIL_A76P,20230821230000,-52.3844,-39.5305
IIL_A76P,20230822000000,-52.3864,-39.53
IIL_A76P,20230822010000,-52.3886,-39.5297
IIL_A76P,20230822020000,-52.3909,-39.5297
IIL_A76P,20230822030000,-52.3934,-39.5298
IIL_A76P,20230822040000,-52.3961,-39.53
IIL_A76P,20230822050000,-52.3989,-39.5302
IIL_A76P,20230822060000,-52.4019,-39.5305
IIL_A76P,20230822070000,-52.405,-39.5307
IIL_A76P,20230822080000,-52.4083,-39.5309
IIL_A76P,20230822090000,-52.4118,-39.531
IIL_A76P,20230822100000,-52.4154,-39.5311
IIL_A76P,20230822110000,-52.419,-39.531
IIL_A76P,20230822120000,-52.4228,-39.5308
IIL_D30A,20230818120000,-61.57,-54.29
IIL_D30A,20230818130000,-61.5691,-54.2899
IIL_D30A,20230818140000,-61.5683,-54.2899
IIL_D30A,20230818150000,-61.5676,-54.29
IIL_D30A,20230818160000,-61.567,-54.2901
IIL_D30A,20230818170000,-61.5664,-54.2901
IIL_D30A,20230818180000,-61.5659,-54.2899
IIL_D30A,20230818190000,-61.5655,-54.2895
IIL_D30A,20230818200000,-61.565,-54.2891
IIL_D30A,20230818210000,-61.5646,-54.2885
IIL_D30A,20230818220000,-61.5641,-54.288
IIL_D30A,20230818230000,-61.5636,-54.2875
IIL_D30A,20230819000000,-61.5631,-54.287
IIL_D30A,20230819010000,-61.5626,-54.2865
IIL_D30A,20230819020000,-61.5621,-54.2861
IIL_D30A,20230819030000,-61.5616,-54.2858
IIL_D30A,20230819040000,-61.5611,-54.2854
IIL_D30A,20230819050000,-61.5607,-54.285
IIL_D30A,20230819060000,-61.5603,-54.2847
IIL_D30A,20230819070000,-61.56,-54.2845
IIL_D30A,20230819080000,-61.5598,-54.2843
IIL_D30A,20230819090000,-61.5597,-54.2841
IIL_D30A,20230819100000,-61.5598,-54.2837
IIL_D30A,20230819110000,-61.5599,-54.2833
IIL_D30A,20230819120000,-61.56,-54.2826
IIL_D30A,20230819130000,-61.5602,-54.2817
IIL_D30A,20230819140000,-61.5604,-54.2806
IIL_D30A,20230819150000,-61.5606,-54.2793
IIL_D30A,20230819160000,-61.5607,-54.2778
IIL_D30A,20230819170000,-61.5607,-54.2763
IIL_D30A,20230819180000,-61.5607,-54.2746
IIL_D30A,20230819190000,-61.5605,-54.273
IIL_D30A,20230819200000,-61.5604,-54.2713
IIL_D30A,20230819210000,-61.5601,-54.2697
IIL_D30A,20230819220000,-61.5599,-54.2681
IIL_D30A,20230819230000,-61.5596,-54.2666
IIL_D30A,20230820000000,-61.5593,-54.2653
IIL_D30A,20230820010000,-61.559,-54.264
IIL_D30A,20230820020000,-61.5587,-54.2628
IIL_D30A,20230820030000,-61.5585,-54.2616
IIL_D30A,20230820040000,-61.5584,-54.2604
IIL_D30A,20230820050000,-61.5584,-54.2592
IIL_D30A,20230820060000,-61.5584,-54.2578
IIL_D30A,20230820070000,-61.5584,-54.2563
IIL_D30A,20230820080000,-61.5583,-54.2547
IIL_D30A,20230820090000,-61.5582,-54.2532
IIL_D30A,20230820100000,-61.5581,-54.2518
IIL_D30A,20230820110000,-61.5579,-54.2504
IIL_D30A,20230820120000,-61.5576,-54.2492
IIL_D30A,20230820130000,-61.5574,-54.2481
IIL_D30A,20230820140000,-61.5571,-54.2471
IIL_D30A,20230820150000,-61.5569,-54.2462
IIL_D30A,20230820160000,-61.5567,-54.2453
IIL_D30A,20230820170000,-61.5565,-54.2444
IIL_D30A,20230820180000,-61.5564,-54.2435
IIL_D30A,20230820190000,-61.5563,-54.2426
IIL_D30A,20230820200000,-61.5562,-54.2416
IIL_D30A,20230820210000,-61.5562,-54.2407
IIL_D30A,20230820220000,-61.5562,-54.2397
IIL_D30A,20230820230000,-61.5562,-54.2386
IIL_D30A,20230821000000,-61.5562,-54.2375
IIL_D30A,20230821010000,-61.5563,-54.2364
IIL_D30A,20230821020000,-61.5564,-54.2351
IIL_D30A,20230821030000,-61.5566,-54.2338
IIL_D30A,20230821040000,-61.5567,-54.2323
IIL_D30A,20230821050000,-61.5569,-54.2306
IIL_D30A,20230821060000,-61.5571,-54.2289
IIL_D30A,20230821070000,-61.5572,-54.227
IIL_D30A,20230821080000,-61.5573,-54.2251
IIL_D30A,20230821090000,-61.5574,-54.2231
IIL_D30A,20230821100000,-61.5574,-54.2211
IIL_D30A,20230821110000,-61.5574,-54.2191
IIL_D30A,20230821120000,-61.5574,-54.217
IIL_D30A,20230821130000,-61.5575,-54.2149
IIL_D30A,20230821140000,-61.5575,-54.2128
IIL_D30A,20230821150000,-61.5575,-54.2106
IIL_D30A,20230821160000,-61.5576,-54.2084
IIL_D30A,20230821170000,-61.5576,-54.2062
IIL_D30A,20230821180000,-61.5576,-54.2039
IIL_D30A,20230821190000,-61.5575,-54.2017
IIL_D30A,20230821200000,-61.5574,-54.1996
IIL_D30A,20230821210000,-61.5573,-54.1975
IIL_D30A,20230821220000,-61.5571,-54.1955
IIL_D30A,20230821230000,-61.5569,-54.1936
IIL_D30A,20230822000000,-61.5567,-54.1919
IIL_D30A,20230822010000,-61.5564,-54.1903
IIL_D30A,20230822020000,-61.5563,-54.1889
IIL_D30A,20230822030000,-61.5561,-54.1876
IIL_D30A,20230822040000,-61.556,-54.1863
IIL_D30A,20230822050000,-61.556,-54.1852
IIL_D30A,20230822060000,-61.556,-54.1841
IIL_D30A,20230822070000,-61.5562,-54.1829
IIL_D30A,20230822080000,-61.5563,-54.1817
IIL_D30A,20230822090000,-61.5566,-54.1804
IIL_D30A,20230822100000,-61.5568,-54.179
IIL_D30A,20230822110000,-61.557,-54.1775
IIL_D30A,20230822120000,-61.5572,-54.1759
IIL_D29B,20230818120000,-61.02,-53.26
IIL_D29B,20230818130000,-61.0194,-53.2609
IIL_D29B,20230818140000,-61.0188,-53.262
IIL_D29B,20230818150000,-61.0183,-53.2632
IIL_D29B,20230818160000,-61.0179,-53.2644
IIL_D29B,20230818170000,-61.0175,-53.2656
IIL_D29B,20230818180000,-61.0172,-53.2667
IIL_D29B,20230818190000,-61.0169,-53.2677
IIL_D29B,20230818200000,-61.0166,-53.2686
IIL_D29B,20230818210000,-61.0164,-53.2694
IIL_D29B,20230818220000,-61.0162,-53.2702
IIL_D29B,20230818230000,-61.0159,-53.2709
IIL_D29B,20230819000000,-61.0156,-53.2716
IIL_D29B,20230819010000,-61.0153,-53.2723
IIL_D29B,20230819020000,-61.015,-53.2729
IIL_D29B,20230819030000,-61.0146,-53.2736
IIL_D29B,20230819040000,-61.0143,-53.2744
IIL_D29B,20230819050000,-61.0139,-53.2752
IIL_D29B,20230819060000,-61.0136,-53.276
IIL_D29B,20230819070000,-61.0133,-53.2768
IIL_D29B,20230819080000,-61.013,-53.2777
IIL_D29B,20230819090000,-61.0127,-53.2786
IIL_D29B,20230819100000,-61.0125,-53.2795
IIL_D29B,20230819110000,-61.0123,-53.2803
IIL_D29B,20230819120000,-61.0121,-53.2812
IIL_D29B,20230819130000,-61.012,-53.282
IIL_D29B,20230819140000,-61.012,-53.2826
IIL_D29B,20230819150000,-61.012,-53.2831
IIL_D29B,20230819160000,-61.012,-53.2835
IIL_D29B,20230819170000,-61.012,-53.2836
IIL_D29B,20230819180000,-61.012,-53.2836
IIL_D29B,20230819190000,-61.0119,-53.2835
IIL_D29B,20230819200000,-61.0117,-53.2832
IIL_D29B,20230819210000,-61.0115,-53.283
IIL_D29B,20230819220000,-61.0113,-53.2827
IIL_D29B,20230819230000,-61.011,-53.2825
IIL_D29B,20230820000000,-61.0107,-53.2823
IIL_D29B,20230820010000,-61.0104,-53.2821
IIL_D29B,20230820020000,-61.0101,-53.2821
IIL_D29B,20230820030000,-61.0098,-53.282
IIL_D29B,20230820040000,-61.0095,-53.2819
IIL_D29B,20230820050000,-61.0093,-53.2819
IIL_D29B,20230820060000,-61.0091,-53.2817
IIL_D29B,20230820070000,-61.0089,-53.2815
IIL_D29B,20230820080000,-61.0087,-53.2812
IIL_D29B,20230820090000,-61.0084,-53.2809
IIL_D29B,20230820100000,-61.0081,-53.2805
IIL_D29B,20230820110000,-61.0078,-53.2801
IIL_D29B,20230820120000,-61.0074,-53.2798
IIL_D29B,20230820130000,-61.007,-53.2795
IIL_D29B,20230820140000,-61.0067,-53.2793
IIL_D29B,20230820150000,-61.0064,-53.2791
IIL_D29B,20230820160000,-61.0061,-53.2789
IIL_D29B,20230820170000,-61.0058,-53.2788
IIL_D29B,20230820180000,-61.0056,-53.2785
IIL_D29B,20230820190000,-61.0053,-53.2783
IIL_D29B,20230820200000,-61.0051,-53.278
IIL_D29B,20230820210000,-61.0048,-53.2778
IIL_D29B,20230820220000,-61.0045,-53.2776
IIL_D29B,20230820230000,-61.0042,-53.2774
IIL_D29B,20230821000000,-61.0039,-53.2774
IIL_D29B,20230821010000,-61.0037,-53.2774
IIL_D29B,20230821020000,-61.0035,-53.2775
IIL_D29B,20230821030000,-61.0034,-53.2776
IIL_D29B,20230821040000,-61.0033,-53.2777
IIL_D29B,20230821050000,-61.0033,-53.2777
IIL_D29B,20230821060000,-61.0034,-53.2776
IIL_D29B,20230821070000,-61.0035,-53.2774
IIL_D29B,20230821080000,-61.0036,-53.277
IIL_D29B,20230821090000,-61.0037,-53.2764
IIL_D29B,20230821100000,-61.0039,-53.2757
IIL_D29B,20230821110000,-61.004,-53.2749
IIL_D29B,20230821120000,-61.004,-53.2739
IIL_D29B,20230821130000,-61.0041,-53.2729
IIL_D29B,20230821140000,-61.004,-53.2718
IIL_D29B,20230821150000,-61.004,-53.2707
IIL_D29B,20230821160000,-61.0038,-53.2697
IIL_D29B,20230821170000,-61.0037,-53.2686
IIL_D29B,20230821180000,-61.0035,-53.2677
IIL_D29B,20230821190000,-61.0033,-53.2668
IIL_D29B,20230821200000,-61.0031,-53.266
IIL_D29B,20230821210000,-61.0029,-53.2652
IIL_D29B,20230821220000,-61.0028,-53.2645
IIL_D29B,20230821230000,-61.0027,-53.2637
IIL_D29B,20230822000000,-61.0026,-53.263
IIL_D29B,20230822010000,-61.0026,-53.2622
IIL_D29B,20230822020000,-61.0025,-53.2614
IIL_D29B,20230822030000,-61.0025,-53.2605
IIL_D29B,20230822040000,-61.0025,-53.2596
IIL_D29B,20230822050000,-61.0025,-53.2586
IIL_D29B,20230822060000,-61.0024,-53.2576
IIL_D29B,20230822070000,-61.0022,-53.2566
IIL_D29B,20230822080000,-61.0021,-53.2557
IIL_D29B,20230822090000,-61.0019,-53.255
IIL_D29B,20230822100000,-61.0017,-53.2543
IIL_D29B,20230822110000,-61.0015,-53.2538
IIL_D29B,20230822120000,-61.0014,-53.2534
IIL_D29A,20230818120000,-60.5,-55.04
IIL_D29A,20230818130000,-60.4992,-55.0404
IIL_D29A,20230818140000,-60.4982,-55.0409
IIL_D29A,20230818150000,-60.4973,-55.0414
IIL_D29A,20230818160000,-60.4963,-55.0419
IIL_D29A,20230818170000,-60.4952,-55.0425
IIL_D29A,20230818180000,-60.4942,-55.0433
IIL_D29A,20230818190000,-60.4931,-55.0441
IIL_D29A,20230818200000,-60.4921,-55.0451
IIL_D29A,20230818210000,-60.4912,-55.0462
IIL_D29A,20230818220000,-60.4903,-55.0475
IIL_D29A,20230818230000,-60.4895,-55.0488
IIL_D29A,20230819000000,-60.4888,-55.0501
IIL_D29A,20230819010000,-60.4883,-55.0514
IIL_D29A,20230819020000,-60.4878,-55.0526
IIL_D29A,20230819030000,-60.4875,-55.0537
IIL_D29A,20230819040000,-60.4872,-55.0544
IIL_D29A,20230819050000,-60.4869,-55.0549
IIL_D29A,20230819060000,-60.4867,-55.0549
IIL_D29A,20230819070000,-60.4863,-55.0546
IIL_D29A,20230819080000,-60.4859,-55.0541
IIL_D29A,20230819090000,-60.4855,-55.0536
IIL_D29A,20230819100000,-60.4849,-55.053
IIL_D29A,20230819110000,-60.4843,-55.0523
IIL_D29A,20230819120000,-60.4837,-55.0518
IIL_D29A,20230819130000,-60.483,-55.0511
IIL_D29A,20230819140000,-60.4824,-55.0505
IIL_D29A,20230819150000,-60.4817,-55.0498
IIL_D29A,20230819160000,-60.481,-55.0491
IIL_D29A,20230819170000,-60.4804,-55.0484
IIL_D29A,20230819180000,-60.4797,-55.0476
IIL_D29A,20230819190000,-60.4791,-55.0467
IIL_D29A,20230819200000,-60.4786,-55.0458
IIL_D29A,20230819210000,-60.478,-55.0447
IIL_D29A,20230819220000,-60.4775,-55.0435
IIL_D29A,20230819230000,-60.477,-55.0422
IIL_D29A,20230820000000,-60.4764,-55.0408
IIL_D29A,20230820010000,-60.4759,-55.0393
IIL_D29A,20230820020000,-60.4753,-55.0377
IIL_D29A,20230820030000,-60.4748,-55.0361
IIL_D29A,20230820040000,-60.4742,-55.0344
IIL_D29A,20230820050000,-60.4736,-55.0327
IIL_D29A,20230820060000,-60.473,-55.0309
IIL_D29A,20230820070000,-60.4725,-55.029
IIL_D29A,20230820080000,-60.4718,-55.0271
IIL_D29A,20230820090000,-60.4712,-55.025
IIL_D29A,20230820100000,-60.4705,-55.0229
IIL_D29A,20230820110000,-60.4698,-55.0208
IIL_D29A,20230820120000,-60.469,-55.0187
IIL_D29A,20230820130000,-60.4682,-55.0167
IIL_D29A,20230820140000,-60.4674,-55.0147
IIL_D29A,20230820150000,-60.4666,-55.0129
IIL_D29A,20230820160000,-60.4658,-55.011
IIL_D29A,20230820170000,-60.465,-55.0093
IIL_D29A,20230820180000,-60.4643,-55.0076
IIL_D29A,20230820190000,-60.4635,-55.006
IIL_D29A,20230820200000,-60.4627,-55.0045
IIL_D29A,20230820210000,-60.462,-55.0031
IIL_D29A,20230820220000,-60.4613,-55.0018
IIL_D29A,20230820230000,-60.4607,-55.0005
IIL_D29A,20230821000000,-60.4602,-54.9992
IIL_D29A,20230821010000,-60.4599,-54.9979
IIL_D29A,20230821020000,-60.4596,-54.9964
IIL_D29A,20230821030000,-60.4594,-54.9947
IIL_D29A,20230821040000,-60.4593,-54.9928
IIL_D29A,20230821050000,-60.4593,-54.9907
IIL_D29A,20230821060000,-60.4592,-54.9883
IIL_D29A,20230821070000,-60.4592,-54.9858
IIL_D29A,20230821080000,-60.4592,-54.983
IIL_D29A,20230821090000,-60.4591,-54.9801
IIL_D29A,20230821100000,-60.459,-54.977
IIL_D29A,20230821110000,-60.4589,-54.9738
IIL_D29A,20230821120000,-60.4587,-54.9704
IIL_D29A,20230821130000,-60.4584,-54.967
IIL_D29A,20230821140000,-60.458,-54.9635
IIL_D29A,20230821150000,-60.4576,-54.9599
IIL_D29A,20230821160000,-60.4571,-54.9564
IIL_D29A,20230821170000,-60.4565,-54.9529
IIL_D29A,20230821180000,-60.4559,-54.9495
IIL_D29A,20230821190000,-60.4551,-54.9462
IIL_D29A,20230821200000,-60.4543,-54.943
IIL_D29A,20230821210000,-60.4535,-54.9399
IIL_D29A,20230821220000,-60.4526,-54.937
IIL_D29A,20230821230000,-60.4518,-54.9343
IIL_D29A,20230822000000,-60.4509,-54.9317
IIL_D29A,20230822010000,-60.4501,-54.9294
IIL_D29A,20230822020000,-60.4493,-54.9272
IIL_D29A,20230822030000,-60.4486,-54.9252
IIL_D29A,20230822040000,-60.448,-54.9232
IIL_D29A,20230822050000,-60.4476,-54.9213
IIL_D29A,20230822060000,-60.4472,-54.9193
IIL_D29A,20230822070000,-60.4469,-54.9173
IIL_D29A,20230822080000,-60.4468,-54.9151
IIL_D29A,20230822090000,-60.4467,-54.9128
IIL_D29A,20230822100000,-60.4466,-54.9102
IIL_D29A,20230822110000,-60.4465,-54.9075
IIL_D29A,20230822120000,-60.4463,-54.9046
IIL_A76K,20230818120000,-54.35,-38.31
IIL_A76K,20230818130000,-54.3508,-38.314
IIL_A76K,20230818140000,-54.3515,-38.3177
IIL_A76K,20230818150000,-54.3521,-38.3213
IIL_A76K,20230818160000,-54.3526,-38.3246
IIL_A76K,20230818170000,-54.3529,-38.3276
IIL_A76K,20230818180000,-54.3529,-38.3305
IIL_A76K,20230818190000,-54.3528,-38.3332
IIL_A76K,20230818200000,-54.3524,-38.3358
IIL_A76K,20230818210000,-54.3518,-38.3384
IIL_A76K,20230818220000,-54.3511,-38.341
IIL_A76K,20230818230000,-54.3501,-38.3437
IIL_A76K,20230819000000,-54.3491,-38.3465
IIL_A76K,20230819010000,-54.348,-38.3495
IIL_A76K,20230819020000,-54.3469,-38.3527
IIL_A76K,20230819030000,-54.3459,-38.3561
IIL_A76K,20230819040000,-54.3449,-38.3597
IIL_A76K,20230819050000,-54.344,-38.3635
IIL_A76K,20230819060000,-54.3434,-38.3675
IIL_A76K,20230819070000,-54.3428,-38.3716
IIL_A76K,20230819080000,-54.3425,-38.3757
IIL_A76K,20230819090000,-54.3424,-38.3799
IIL_A76K,20230819100000,-54.3425,-38.3839
IIL_A76K,20230819110000,-54.3429,-38.3878
IIL_A76K,20230819120000,-54.3434,-38.3915
IIL_A76K,20230819130000,-54.344,-38.395
IIL_A76K,20230819140000,-54.3449,-38.3981
IIL_A76K,20230819150000,-54.3458,-38.4009
IIL_A76K,20230819160000,-54.3469,-38.4033
IIL_A76K,20230819170000,-54.348,-38.4052
IIL_A76K,20230819180000,-54.3491,-38.4066
IIL_A76K,20230819190000,-54.3502,-38.4074
IIL_A76K,20230819200000,-54.3513,-38.4076
IIL_A76K,20230819210000,-54.3523,-38.4072
IIL_A76K,20230819220000,-54.3531,-38.4063
IIL_A76K,20230819230000,-54.3536,-38.4051
IIL_A76K,20230820000000,-54.3537,-38.4036
IIL_A76K,20230820010000,-54.3535,-38.4022
IIL_A76K,20230820020000,-54.3529,-38.4009
IIL_A76K,20230820030000,-54.3521,-38.4001
IIL_A76K,20230820040000,-54.3511,-38.3998
IIL_A76K,20230820050000,-54.3501,-38.4001
IIL_A76K,20230820060000,-54.3492,-38.4008
IIL_A76K,20230820070000,-54.3484,-38.4019
IIL_A76K,20230820080000,-54.3478,-38.4033
IIL_A76K,20230820090000,-54.3474,-38.4049
IIL_A76K,20230820100000,-54.3472,-38.4065
IIL_A76K,20230820110000,-54.3473,-38.4079
IIL_A76K,20230820120000,-54.3476,-38.409
IIL_A76K,20230820130000,-54.348,-38.4098
IIL_A76K,20230820140000,-54.3485,-38.4101
IIL_A76K,20230820150000,-54.349,-38.4099
IIL_A76K,20230820160000,-54.3493,-38.4093
IIL_A76K,20230820170000,-54.3494,-38.4084
IIL_A76K,20230820180000,-54.3494,-38.4073
IIL_A76K,20230820190000,-54.349,-38.4062
IIL_A76K,20230820200000,-54.3485,-38.4053
IIL_A76K,20230820210000,-54.3479,-38.4046
IIL_A76K,20230820220000,-54.3471,-38.4042
IIL_A76K,20230820230000,-54.3463,-38.4041
IIL_A76K,20230821000000,-54.3455,-38.4044
IIL_A76K,20230821010000,-54.3448,-38.4049
IIL_A76K,20230821020000,-54.3442,-38.4057
IIL_A76K,20230821030000,-54.3437,-38.4066
IIL_A76K,20230821040000,-54.3435,-38.4077
IIL_A76K,20230821050000,-54.3436,-38.4087
IIL_A76K,20230821060000,-54.3438,-38.4095
IIL_A76K,20230821070000,-54.3442,-38.41
IIL_A76K,20230821080000,-54.3448,-38.4102
IIL_A76K,20230821090000,-54.3453,-38.41
IIL_A76K,20230821100000,-54.3458,-38.4094
IIL_A76K,20230821110000,-54.3463,-38.4085
IIL_A76K,20230821120000,-54.3466,-38.4075
IIL_A76K,20230821130000,-54.3469,-38.4063
IIL_A76K,20230821140000,-54.3472,-38.4052
IIL_A76K,20230821150000,-54.3475,-38.404
IIL_A76K,20230821160000,-54.3479,-38.4029
IIL_A76K,20230821170000,-54.3483,-38.4018
IIL_A76K,20230821180000,-54.3488,-38.4008
IIL_A76K,20230821190000,-54.3493,-38.3998
IIL_A76K,20230821200000,-54.3498,-38.3987
IIL_A76K,20230821210000,-54.3503,-38.3975
IIL_A76K,20230821220000,-54.3509,-38.3962
IIL_A76K,20230821230000,-54.3516,-38.3947
IIL_A76K,20230822000000,-54.3522,-38.3932
IIL_A76K,20230822010000,-54.3528,-38.3916
IIL_A76K,20230822020000,-54.3534,-38.3899
IIL_A76K,20230822030000,-54.354,-38.3881
IIL_A76K,20230822040000,-54.3546,-38.3864
IIL_A76K,20230822050000,-54.3551,-38.3848
IIL_A76K,20230822060000,-54.3556,-38.3836
IIL_A76K,20230822070000,-54.3561,-38.3826
IIL_A76K,20230822080000,-54.3567,-38.382
IIL_A76K,20230822090000,-54.3575,-38.3818
IIL_A76K,20230822100000,-54.3585,-38.3817
IIL_A76K,20230822110000,-54.3598,-38.3816
IIL_A76K,20230822120000,-54.3614,-38.3815
IIL_A76O,20230818120000,-53.44,-36.12
IIL_A76O,20230818130000,-53.4371,-36.128
IIL_A76O,20230818140000,-53.4343,-36.1361
IIL_A76O,20230818150000,-53.4316,-36.1441
IIL_A76O,20230818160000,-53.4289,-36.1522
IIL_A76O,20230818170000,-53.4264,-36.1602
IIL_A76O,20230818180000,-53.424,-36.1682
IIL_A76O,20230818190000,-53.4218,-36.1763
IIL_A76O,20230818200000,-53.4201,-36.1845
IIL_A76O,20230818210000,-53.4189,-36.1928
IIL_A76O,20230818220000,-53.418,-36.2011
IIL_A76O,20230818230000,-53.4177,-36.2093
IIL_A76O,20230819000000,-53.4177,-36.2173
IIL_A76O,20230819010000,-53.4182,-36.225
IIL_A76O,20230819020000,-53.419,-36.2323
IIL_A76O,20230819030000,-53.4202,-36.2392
IIL_A76O,20230819040000,-53.4218,-36.2455
IIL_A76O,20230819050000,-53.4236,-36.2511
IIL_A76O,20230819060000,-53.4256,-36.2561
IIL_A76O,20230819070000,-53.4279,-36.2603
IIL_A76O,20230819080000,-53.4303,-36.2636
IIL_A76O,20230819090000,-53.4327,-36.2659
IIL_A76O,20230819100000,-53.435,-36.2673
IIL_A76O,20230819110000,-53.4372,-36.2677
IIL_A76O,20230819120000,-53.439,-36.267
IIL_A76O,20230819130000,-53.4402,-36.2654
IIL_A76O,20230819140000,-53.4408,-36.2632
IIL_A76O,20230819150000,-53.4404,-36.2607
IIL_A76O,20230819160000,-53.4394,-36.2586
IIL_A76O,20230819170000,-53.4377,-36.257
IIL_A76O,20230819180000,-53.4355,-36.2561
IIL_A76O,20230819190000,-53.4331,-36.2559
IIL_A76O,20230819200000,-53.4304,-36.2565
IIL_A76O,20230819210000,-53.4276,-36.2577
IIL_A76O,20230819220000,-53.4248,-36.2597
IIL_A76O,20230819230000,-53.4221,-36.2622
IIL_A76O,20230820000000,-53.4194,-36.2654
IIL_A76O,20230820010000,-53.4168,-36.2691
IIL_A76O,20230820020000,-53.4144,-36.2732
IIL_A76O,20230820030000,-53.4121,-36.2777
IIL_A76O,20230820040000,-53.4101,-36.2825
IIL_A76O,20230820050000,-53.4083,-36.2876
IIL_A76O,20230820060000,-53.4068,-36.2929
IIL_A76O,20230820070000,-53.4055,-36.2984
IIL_A76O,20230820080000,-53.4044,-36.304
IIL_A76O,20230820090000,-53.4036,-36.3098
IIL_A76O,20230820100000,-53.403,-36.3156
IIL_A76O,20230820110000,-53.4026,-36.3214
IIL_A76O,20230820120000,-53.4024,-36.3272
IIL_A76O,20230820130000,-53.4025,-36.3328
IIL_A76O,20230820140000,-53.4027,-36.3384
IIL_A76O,20230820150000,-53.4032,-36.3437
IIL_A76O,20230820160000,-53.4039,-36.3487
IIL_A76O,20230820170000,-53.4047,-36.3535
IIL_A76O,20230820180000,-53.4056,-36.358
IIL_A76O,20230820190000,-53.4067,-36.3622
IIL_A76O,20230820200000,-53.4079,-36.366
IIL_A76O,20230820210000,-53.4091,-36.3694
IIL_A76O,20230820220000,-53.4103,-36.3725
IIL_A76O,20230820230000,-53.4116,-36.3752
IIL_A76O,20230821000000,-53.4127,-36.3776
IIL_A76O,20230821010000,-53.4138,-36.3797
IIL_A76O,20230821020000,-53.4147,-36.3815
IIL_A76O,20230821030000,-53.4154,-36.3831
IIL_A76O,20230821040000,-53.416,-36.3845
IIL_A76O,20230821050000,-53.4162,-36.3859
IIL_A76O,20230821060000,-53.4163,-36.3873
IIL_A76O,20230821070000,-53.4161,-36.3887
IIL_A76O,20230821080000,-53.4157,-36.3904
IIL_A76O,20230821090000,-53.4152,-36.3922
IIL_A76O,20230821100000,-53.4146,-36.3942
IIL_A76O,20230821110000,-53.414,-36.3964
IIL_A76O,20230821120000,-53.4135,-36.3989
IIL_A76O,20230821130000,-53.4131,-36.4016
IIL_A76O,20230821140000,-53.4128,-36.4044
IIL_A76O,20230821150000,-53.4127,-36.4074
IIL_A76O,20230821160000,-53.4128,-36.4104
IIL_A76O,20230821170000,-53.4131,-36.4135
IIL_A76O,20230821180000,-53.4136,-36.4165
IIL_A76O,20230821190000,-53.4143,-36.4194
IIL_A76O,20230821200000,-53.4153,-36.4221
IIL_A76O,20230821210000,-53.4164,-36.4246
IIL_A76O,20230821220000,-53.4177,-36.4269
IIL_A76O,20230821230000,-53.4191,-36.4288
IIL_A76O,20230822000000,-53.4207,-36.4305
IIL_A76O,20230822010000,-53.4225,-36.4318
IIL_A76O,20230822020000,-53.4243,-36.4328
IIL_A76O,20230822030000,-53.4262,-36.4335
IIL_A76O,20230822040000,-53.4282,-36.4339
IIL_A76O,20230822050000,-53.4302,-36.4341
IIL_A76O,20230822060000,-53.4322,-36.434
IIL_A76O,20230822070000,-53.4343,-36.4337
IIL_A76O,20230822080000,-53.4364,-36.4333
IIL_A76O,20230822090000,-53.4385,-36.4327
IIL_A76O,20230822100000,-53.4407,-36.4321
IIL_A76O,20230822110000,-53.4429,-36.4315
IIL_A76O,20230822120000,-53.4451,-36.4308
IIL_ICEBERG1,20230818120000,-52.08,-41.22
IIL_ICEBERG1,20230818130000,-52.0793,-41.2227
IIL_ICEBERG1,20230818140000,-52.0785,-41.2251
IIL_ICEBERG1,20230818150000,-52.0776,-41.2275
IIL_ICEBERG1,20230818160000,-52.0767,-41.2296
IIL_ICEBERG1,20230818170000,-52.0757,-41.2317
IIL_ICEBERG1,20230818180000,-52.0746,-41.2337
IIL_ICEBERG1,20230818190000,-52.0735,-41.2356
IIL_ICEBERG1,20230818200000,-52.0724,-41.2375
IIL_ICEBERG1,20230818210000,-52.0713,-41.2394
IIL_ICEBERG1,20230818220000,-52.0701,-41.2412
IIL_ICEBERG1,20230818230000,-52.0689,-41.2429
IIL_ICEBERG1,20230819000000,-52.0677,-41.2448
IIL_ICEBERG1,20230819010000,-52.0665,-41.2466
IIL_ICEBERG1,20230819020000,-52.0652,-41.2485
IIL_ICEBERG1,20230819030000,-52.064,-41.2505
IIL_ICEBERG1,20230819040000,-52.0627,-41.2526
IIL_ICEBERG1,20230819050000,-52.0615,-41.2549
IIL_ICEBERG1,20230819060000,-52.0603,-41.2573
IIL_ICEBERG1,20230819070000,-52.0593,-41.2598
IIL_ICEBERG1,20230819080000,-52.0585,-41.2623
IIL_ICEBERG1,20230819090000,-52.058,-41.2648
IIL_ICEBERG1,20230819100000,-52.0576,-41.2672
IIL_ICEBERG1,20230819110000,-52.0575,-41.2693
IIL_ICEBERG1,20230819120000,-52.0575,-41.2712
IIL_ICEBERG1,20230819130000,-52.0576,-41.2727
IIL_ICEBERG1,20230819140000,-52.0576,-41.2739
IIL_ICEBERG1,20230819150000,-52.0575,-41.2747
IIL_ICEBERG1,20230819160000,-52.0572,-41.2753
IIL_ICEBERG1,20230819170000,-52.0569,-41.2755
IIL_ICEBERG1,20230819180000,-52.0563,-41.2755
IIL_ICEBERG1,20230819190000,-52.0557,-41.2755
IIL_ICEBERG1,20230819200000,-52.0549,-41.2754
IIL_ICEBERG1,20230819210000,-52.054,-41.2754
IIL_ICEBERG1,20230819220000,-52.0529,-41.2755
IIL_ICEBERG1,20230819230000,-52.0517,-41.2759
IIL_ICEBERG1,20230820000000,-52.0504,-41.2765
IIL_ICEBERG1,20230820010000,-52.0491,-41.2775
IIL_ICEBERG1,20230820020000,-52.0478,-41.2787
IIL_ICEBERG1,20230820030000,-52.0466,-41.2802
IIL_ICEBERG1,20230820040000,-52.0454,-41.282
IIL_ICEBERG1,20230820050000,-52.0445,-41.2839
IIL_ICEBERG1,20230820060000,-52.0438,-41.2859
IIL_ICEBERG1,20230820070000,-52.0432,-41.2879
IIL_ICEBERG1,20230820080000,-52.0429,-41.2897
IIL_ICEBERG1,20230820090000,-52.0428,-41.2914
IIL_ICEBERG1,20230820100000,-52.0427,-41.2928
IIL_ICEBERG1,20230820110000,-52.0427,-41.2941
IIL_ICEBERG1,20230820120000,-52.0428,-41.2952
IIL_ICEBERG1,20230820130000,-52.0428,-41.2961
IIL_ICEBERG1,20230820140000,-52.0427,-41.297
IIL_ICEBERG1,20230820150000,-52.0427,-41.2978
IIL_ICEBERG1,20230820160000,-52.0425,-41.2986
IIL_ICEBERG1,20230820170000,-52.0424,-41.2994
IIL_ICEBERG1,20230820180000,-52.0423,-41.3002
IIL_ICEBERG1,20230820190000,-52.0421,-41.3011
IIL_ICEBERG1,20230820200000,-52.042,-41.3021
IIL_ICEBERG1,20230820210000,-52.0419,-41.3031
IIL_ICEBERG1,20230820220000,-52.0419,-41.3042
IIL_ICEBERG1,20230820230000,-52.0421,-41.3053
IIL_ICEBERG1,20230821000000,-52.0423,-41.3064
IIL_ICEBERG1,20230821010000,-52.0428,-41.3074
IIL_ICEBERG1,20230821020000,-52.0435,-41.3084
IIL_ICEBERG1,20230821030000,-52.0443,-41.3092
IIL_ICEBERG1,20230821040000,-52.0454,-41.3097
IIL_ICEBERG1,20230821050000,-52.0465,-41.3099
IIL_ICEBERG1,20230821060000,-52.0478,-41.3097
IIL_ICEBERG1,20230821070000,-52.0491,-41.3091
IIL_ICEBERG1,20230821080000,-52.0504,-41.3081
IIL_ICEBERG1,20230821090000,-52.0517,-41.3067
IIL_ICEBERG1,20230821100000,-52.0528,-41.3051
IIL_ICEBERG1,20230821110000,-52.0539,-41.3031
IIL_ICEBERG1,20230821120000,-52.0549,-41.301
IIL_ICEBERG1,20230821130000,-52.0557,-41.2988
IIL_ICEBERG1,20230821140000,-52.0563,-41.2965
IIL_ICEBERG1,20230821150000,-52.0569,-41.2943
IIL_ICEBERG1,20230821160000,-52.0573,-41.2922
IIL_ICEBERG1,20230821170000,-52.0576,-41.2903
IIL_ICEBERG1,20230821180000,-52.0578,-41.2887
IIL_ICEBERG1,20230821190000,-52.0581,-41.2874
IIL_ICEBERG1,20230821200000,-52.0585,-41.2866
IIL_ICEBERG1,20230821210000,-52.059,-41.2864
IIL_ICEBERG1,20230821220000,-52.0598,-41.2868
IIL_ICEBERG1,20230821230000,-52.0609,-41.2875
IIL_ICEBERG1,20230822000000,-52.0623,-41.2885
IIL_ICEBERG1,20230822010000,-52.064,-41.2896
IIL_ICEBERG1,20230822020000,-52.066,-41.2907
IIL_ICEBERG1,20230822030000,-52.0683,-41.2917
IIL_ICEBERG1,20230822040000,-52.0707,-41.2926
IIL_ICEBERG1,20230822050000,-52.0734,-41.2933
IIL_ICEBERG1,20230822060000,-52.0762,-41.2938
IIL_ICEBERG1,20230822070000,-52.0792,-41.294
IIL_ICEBERG1,20230822080000,-52.0823,-41.2939
IIL_ICEBERG1,20230822090000,-52.0855,-41.2936
IIL_ICEBERG1,20230822100000,-52.0887,-41.2929
IIL_ICEBERG1,20230822110000,-52.092,-41.292
IIL_ICEBERG1,20230822120000,-52.0952,-41.2909
IIL_ICEBERG2,20230818120000,-51.48,-36.11
IIL_ICEBERG2,20230818130000,-51.4786,-36.1187
IIL_ICEBERG2,20230818140000,-51.4773,-36.1272
IIL_ICEBERG2,20230818150000,-51.4762,-36.1356
IIL_ICEBERG2,20230818160000,-51.4753,-36.1439
IIL_ICEBERG2,20230818170000,-51.4746,-36.152
IIL_ICEBERG2,20230818180000,-51.4741,-36.1599
IIL_ICEBERG2,20230818190000,-51.4738,-36.1676
IIL_ICEBERG2,20230818200000,-51.4737,-36.175
IIL_ICEBERG2,20230818210000,-51.4738,-36.1821
IIL_ICEBERG2,20230818220000,-51.4741,-36.1889
IIL_ICEBERG2,20230818230000,-51.4746,-36.1952
IIL_ICEBERG2,20230819000000,-51.4753,-36.2009
IIL_ICEBERG2,20230819010000,-51.4762,-36.2058
IIL_ICEBERG2,20230819020000,-51.4773,-36.2098
IIL_ICEBERG2,20230819030000,-51.4785,-36.2131
IIL_ICEBERG2,20230819040000,-51.4796,-36.2155
IIL_ICEBERG2,20230819050000,-51.4806,-36.217
IIL_ICEBERG2,20230819060000,-51.4813,-36.2173
IIL_ICEBERG2,20230819070000,-51.4813,-36.2164
IIL_ICEBERG2,20230819080000,-51.4804,-36.215
IIL_ICEBERG2,20230819090000,-51.4789,-36.2137
IIL_ICEBERG2,20230819100000,-51.4768,-36.2125
IIL_ICEBERG2,20230819110000,-51.4744,-36.2118
IIL_ICEBERG2,20230819120000,-51.4717,-36.2118
IIL_ICEBERG2,20230819130000,-51.469,-36.2125
IIL_ICEBERG2,20230819140000,-51.4667,-36.2139
IIL_ICEBERG2,20230819150000,-51.4648,-36.2159
IIL_ICEBERG2,20230819160000,-51.4635,-36.2183
IIL_ICEBERG2,20230819170000,-51.4629,-36.2209
IIL_ICEBERG2,20230819180000,-51.463,-36.2235
IIL_ICEBERG2,20230819190000,-51.4639,-36.2255
IIL_ICEBERG2,20230819200000,-51.4653,-36.2268
IIL_ICEBERG2,20230819210000,-51.4671,-36.2271
IIL_ICEBERG2,20230819220000,-51.469,-36.2265
IIL_ICEBERG2,20230819230000,-51.471,-36.225
IIL_ICEBERG2,20230820000000,-51.4729,-36.2226
IIL_ICEBERG2,20230820010000,-51.4746,-36.2195
IIL_ICEBERG2,20230820020000,-51.4757,-36.2159
IIL_ICEBERG2,20230820030000,-51.4764,-36.2121
IIL_ICEBERG2,20230820040000,-51.4766,-36.2082
IIL_ICEBERG2,20230820050000,-51.4763,-36.2043
IIL_ICEBERG2,20230820060000,-51.4756,-36.2007
IIL_ICEBERG2,20230820070000,-51.4745,-36.1974
IIL_ICEBERG2,20230820080000,-51.473,-36.1946
IIL_ICEBERG2,20230820090000,-51.4713,-36.1925
IIL_ICEBERG2,20230820100000,-51.4695,-36.191
IIL_ICEBERG2,20230820110000,-51.4676,-36.1903
IIL_ICEBERG2,20230820120000,-51.4658,-36.1904
IIL_ICEBERG2,20230820130000,-51.4641,-36.1911
IIL_ICEBERG2,20230820140000,-51.4628,-36.1924
IIL_ICEBERG2,20230820150000,-51.4618,-36.1943
IIL_ICEBERG2,20230820160000,-51.4613,-36.1964
IIL_ICEBERG2,20230820170000,-51.4612,-36.1985
IIL_ICEBERG2,20230820180000,-51.4617,-36.2006
IIL_ICEBERG2,20230820190000,-51.4625,-36.2023
IIL_ICEBERG2,20230820200000,-51.4637,-36.2036
IIL_ICEBERG2,20230820210000,-51.4652,-36.2043
IIL_ICEBERG2,20230820220000,-51.4667,-36.2045
IIL_ICEBERG2,20230820230000,-51.4684,-36.2042
IIL_ICEBERG2,20230821000000,-51.4701,-36.2035
IIL_ICEBERG2,20230821010000,-51.4718,-36.2024
IIL_ICEBERG2,20230821020000,-51.4735,-36.201
IIL_ICEBERG2,20230821030000,-51.4751,-36.1992
IIL_ICEBERG2,20230821040000,-51.4767,-36.1972
IIL_ICEBERG2,20230821050000,-51.4783,-36.1949
IIL_ICEBERG2,20230821060000,-51.4798,-36.1923
IIL_ICEBERG2,20230821070000,-51.4812,-36.1894
IIL_ICEBERG2,20230821080000,-51.4825,-36.1864
IIL_ICEBERG2,20230821090000,-51.4837,-36.1832
IIL_ICEBERG2,20230821100000,-51.4847,-36.18
IIL_ICEBERG2,20230821110000,-51.4858,-36.1766
IIL_ICEBERG2,20230821120000,-51.4867,-36.1733
IIL_ICEBERG2,20230821130000,-51.4877,-36.1699
IIL_ICEBERG2,20230821140000,-51.4887,-36.1666
IIL_ICEBERG2,20230821150000,-51.4897,-36.1633
IIL_ICEBERG2,20230821160000,-51.4907,-36.1601
IIL_ICEBERG2,20230821170000,-51.4918,-36.1569
IIL_ICEBERG2,20230821180000,-51.493,-36.1538
IIL_ICEBERG2,20230821190000,-51.4943,-36.1508
IIL_ICEBERG2,20230821200000,-51.4958,-36.148
IIL_ICEBERG2,20230821210000,-51.4974,-36.1453
IIL_ICEBERG2,20230821220000,-51.4993,-36.1427
IIL_ICEBERG2,20230821230000,-51.5013,-36.1403
IIL_ICEBERG2,20230822000000,-51.5036,-36.138
IIL_ICEBERG2,20230822010000,-51.5061,-36.1357
IIL_ICEBERG2,20230822020000,-51.5088,-36.1335
IIL_ICEBERG2,20230822030000,-51.5117,-36.1314
IIL_ICEBERG2,20230822040000,-51.5148,-36.1291
IIL_ICEBERG2,20230822050000,-51.5181,-36.1269
IIL_ICEBERG2,20230822060000,-51.5216,-36.1245
IIL_ICEBERG2,20230822070000,-51.5252,-36.122
IIL_ICEBERG2,20230822080000,-51.529,-36.1194
IIL_ICEBERG2,20230822090000,-51.5329,-36.1166
IIL_ICEBERG2,20230822100000,-51.5368,-36.1137
IIL_ICEBERG2,20230822110000,-51.5409,-36.1106
IIL_ICEBERG2,20230822120000,-51.545,-36.1073
IIL_ICEBERG3,20230818120000,-52.1,-37.34
IIL_ICEBERG3,20230818130000,-52.0968,-37.3506
IIL_ICEBERG3,20230818140000,-52.0937,-37.3612
IIL_ICEBERG3,20230818150000,-52.0908,-37.3718
IIL_ICEBERG3,20230818160000,-52.0881,-37.3825
IIL_ICEBERG3,20230818170000,-52.0855,-37.3932
IIL_ICEBERG3,20230818180000,-52.0832,-37.4038
IIL_ICEBERG3,20230818190000,-52.081,-37.4144
IIL_ICEBERG3,20230818200000,-52.0791,-37.425
IIL_ICEBERG3,20230818210000,-52.0774,-37.4355
IIL_ICEBERG3,20230818220000,-52.076,-37.4459
IIL_ICEBERG3,20230818230000,-52.0748,-37.4562
IIL_ICEBERG3,20230819000000,-52.074,-37.4663
IIL_ICEBERG3,20230819010000,-52.0734,-37.4762
IIL_ICEBERG3,20230819020000,-52.0731,-37.4859
IIL_ICEBERG3,20230819030000,-52.0732,-37.4954
IIL_ICEBERG3,20230819040000,-52.0735,-37.5045
IIL_ICEBERG3,20230819050000,-52.0742,-37.5133
IIL_ICEBERG3,20230819060000,-52.0751,-37.5217
IIL_ICEBERG3,20230819070000,-52.0764,-37.5297
IIL_ICEBERG3,20230819080000,-52.0779,-37.5372
IIL_ICEBERG3,20230819090000,-52.0797,-37.5442
IIL_ICEBERG3,20230819100000,-52.0817,-37.5506
IIL_ICEBERG3,20230819110000,-52.0839,-37.5565
IIL_ICEBERG3,20230819120000,-52.0863,-37.5618
IIL_ICEBERG3,20230819130000,-52.0887,-37.5665
IIL_ICEBERG3,20230819140000,-52.0912,-37.5706
IIL_ICEBERG3,20230819150000,-52.0938,-37.574
IIL_ICEBERG3,20230819160000,-52.0965,-37.5766
IIL_ICEBERG3,20230819170000,-52.0995,-37.5783
IIL_ICEBERG3,20230819180000,-52.1026,-37.5791
IIL_ICEBERG3,20230819190000,-52.1057,-37.5788
IIL_ICEBERG3,20230819200000,-52.1087,-37.5777
IIL_ICEBERG3,20230819210000,-52.1114,-37.5758
IIL_ICEBERG3,20230819220000,-52.114,-37.5733
IIL_ICEBERG3,20230819230000,-52.1162,-37.5702
IIL_ICEBERG3,20230820000000,-52.118,-37.5667
IIL_ICEBERG3,20230820010000,-52.1194,-37.5629
IIL_ICEBERG3,20230820020000,-52.1204,-37.559
IIL_ICEBERG3,20230820030000,-52.1208,-37.5552
IIL_ICEBERG3,20230820040000,-52.1209,-37.5515
IIL_ICEBERG3,20230820050000,-52.1205,-37.5482
IIL_ICEBERG3,20230820060000,-52.1197,-37.5454
IIL_ICEBERG3,20230820070000,-52.1185,-37.5435
IIL_ICEBERG3,20230820080000,-52.1169,-37.5426
IIL_ICEBERG3,20230820090000,-52.1152,-37.5431
IIL_ICEBERG3,20230820100000,-52.1137,-37.5447
IIL_ICEBERG3,20230820110000,-52.1123,-37.5473
IIL_ICEBERG3,20230820120000,-52.1114,-37.5506
IIL_ICEBERG3,20230820130000,-52.1108,-37.5545
IIL_ICEBERG3,20230820140000,-52.1107,-37.5588
IIL_ICEBERG3,20230820150000,-52.111,-37.5633
IIL_ICEBERG3,20230820160000,-52.1117,-37.5678
IIL_ICEBERG3,20230820170000,-52.1128,-37.5724
IIL_ICEBERG3,20230820180000,-52.1143,-37.5769
IIL_ICEBERG3,20230820190000,-52.1162,-37.5812
IIL_ICEBERG3,20230820200000,-52.1183,-37.5852
IIL_ICEBERG3,20230820210000,-52.1208,-37.589
IIL_ICEBERG3,20230820220000,-52.1234,-37.5925
IIL_ICEBERG3,20230820230000,-52.1263,-37.5957
IIL_ICEBERG3,20230821000000,-52.1294,-37.5985
IIL_ICEBERG3,20230821010000,-52.1327,-37.6009
IIL_ICEBERG3,20230821020000,-52.136,-37.6028
IIL_ICEBERG3,20230821030000,-52.1395,-37.6044
IIL_ICEBERG3,20230821040000,-52.143,-37.6055
IIL_ICEBERG3,20230821050000,-52.1466,-37.6061
IIL_ICEBERG3,20230821060000,-52.1502,-37.6062
IIL_ICEBERG3,20230821070000,-52.1538,-37.606
IIL_ICEBERG3,20230821080000,-52.1573,-37.6054
IIL_ICEBERG3,20230821090000,-52.1608,-37.6044
IIL_ICEBERG3,20230821100000,-52.1642,-37.6031
IIL_ICEBERG3,20230821110000,-52.1675,-37.6015
IIL_ICEBERG3,20230821120000,-52.1708,-37.5997
IIL_ICEBERG3,20230821130000,-52.174,-37.5979
IIL_ICEBERG3,20230821140000,-52.1771,-37.5959
IIL_ICEBERG3,20230821150000,-52.1802,-37.5938
IIL_ICEBERG3,20230821160000,-52.1832,-37.5917
IIL_ICEBERG3,20230821170000,-52.1862,-37.5895
IIL_ICEBERG3,20230821180000,-52.1891,-37.5875
IIL_ICEBERG3,20230821190000,-52.1921,-37.5856
IIL_ICEBERG3,20230821200000,-52.1951,-37.5839
IIL_ICEBERG3,20230821210000,-52.1981,-37.5823
IIL_ICEBERG3,20230821220000,-52.2012,-37.5811
IIL_ICEBERG3,20230821230000,-52.2044,-37.5802
IIL_ICEBERG3,20230822000000,-52.2078,-37.5795
IIL_ICEBERG3,20230822010000,-52.2113,-37.5792
IIL_ICEBERG3,20230822020000,-52.215,-37.5791
IIL_ICEBERG3,20230822030000,-52.2189,-37.5792
IIL_ICEBERG3,20230822040000,-52.223,-37.5795
IIL_ICEBERG3,20230822050000,-52.2272,-37.58
IIL_ICEBERG3,20230822060000,-52.2317,-37.5805
IIL_ICEBERG3,20230822070000,-52.2363,-37.5812
IIL_ICEBERG3,20230822080000,-52.2412,-37.5819
IIL_ICEBERG3,20230822090000,-52.2462,-37.5826
IIL_ICEBERG3,20230822100000,-52.2513,-37.5833
IIL_ICEBERG3,20230822110000,-52.2567,-37.5839
IIL_ICEBERG3,20230822120000,-52.2622,-37.5845
IIL_ICEBERG4,20230818120000,-52.51,-37.13
IIL_ICEBERG4,20230818130000,-52.5065,-37.1399
IIL_ICEBERG4,20230818140000,-52.5033,-37.1499
IIL_ICEBERG4,20230818150000,-52.5001,-37.1599
IIL_ICEBERG4,20230818160000,-52.4972,-37.1699
IIL_ICEBERG4,20230818170000,-52.4945,-37.18
IIL_ICEBERG4,20230818180000,-52.492,-37.19
IIL_ICEBERG4,20230818190000,-52.4897,-37.2001
IIL_ICEBERG4,20230818200000,-52.4876,-37.2101
IIL_ICEBERG4,20230818210000,-52.4858,-37.22
IIL_ICEBERG4,20230818220000,-52.4842,-37.2299
IIL_ICEBERG4,20230818230000,-52.4829,-37.2397
IIL_ICEBERG4,20230819000000,-52.4819,-37.2494
IIL_ICEBERG4,20230819010000,-52.4812,-37.2589
IIL_ICEBERG4,20230819020000,-52.4807,-37.2682
IIL_ICEBERG4,20230819030000,-52.4806,-37.2773
IIL_ICEBERG4,20230819040000,-52.4807,-37.2862
IIL_ICEBERG4,20230819050000,-52.4811,-37.2947
IIL_ICEBERG4,20230819060000,-52.4818,-37.303
IIL_ICEBERG4,20230819070000,-52.4828,-37.3108
IIL_ICEBERG4,20230819080000,-52.484,-37.3183
IIL_ICEBERG4,20230819090000,-52.4854,-37.3253
IIL_ICEBERG4,20230819100000,-52.4871,-37.3318
IIL_ICEBERG4,20230819110000,-52.4889,-37.3379
IIL_ICEBERG4,20230819120000,-52.4909,-37.3435
IIL_ICEBERG4,20230819130000,-52.4929,-37.3486
IIL_ICEBERG4,20230819140000,-52.495,-37.3532
IIL_ICEBERG4,20230819150000,-52.4972,-37.3572
IIL_ICEBERG4,20230819160000,-52.4996,-37.3604
IIL_ICEBERG4,20230819170000,-52.5024,-37.3628
IIL_ICEBERG4,20230819180000,-52.5053,-37.3644
IIL_ICEBERG4,20230819190000,-52.5083,-37.3651
IIL_ICEBERG4,20230819200000,-52.5113,-37.3649
IIL_ICEBERG4,20230819210000,-52.5143,-37.364
IIL_ICEBERG4,20230819220000,-52.517,-37.3622
IIL_ICEBERG4,20230819230000,-52.5194,-37.3598
IIL_ICEBERG4,20230820000000,-52.5216,-37.3568
IIL_ICEBERG4,20230820010000,-52.5233,-37.3534
IIL_ICEBERG4,20230820020000,-52.5246,-37.3497
IIL_ICEBERG4,20230820030000,-52.5254,-37.3457
IIL_ICEBERG4,20230820040000,-52.5257,-37.3419
IIL_ICEBERG4,20230820050000,-52.5255,-37.3381
IIL_ICEBERG4,20230820060000,-52.5249,-37.3346
IIL_ICEBERG4,20230820070000,-52.5239,-37.3317
IIL_ICEBERG4,20230820080000,-52.5223,-37.3297
IIL_ICEBERG4,20230820090000,-52.5205,-37.3286
IIL_ICEBERG4,20230820100000,-52.5185,-37.3288
IIL_ICEBERG4,20230820110000,-52.5166,-37.33
IIL_ICEBERG4,20230820120000,-52.5149,-37.3322
IIL_ICEBERG4,20230820130000,-52.5136,-37.3352
IIL_ICEBERG4,20230820140000,-52.5127,-37.3389
IIL_ICEBERG4,20230820150000,-52.5123,-37.3429
IIL_ICEBERG4,20230820160000,-52.5123,-37.3472
IIL_ICEBERG4,20230820170000,-52.5128,-37.3517
IIL_ICEBERG4,20230820180000,-52.5138,-37.3561
IIL_ICEBERG4,20230820190000,-52.5152,-37.3604
IIL_ICEBERG4,20230820200000,-52.5169,-37.3644
IIL_ICEBERG4,20230820210000,-52.519,-37.3682
IIL_ICEBERG4,20230820220000,-52.5214,-37.3717
IIL_ICEBERG4,20230820230000,-52.524,-37.3747
IIL_ICEBERG4,20230821000000,-52.5268,-37.3774
IIL_ICEBERG4,20230821010000,-52.5297,-37.3796
IIL_ICEBERG4,20230821020000,-52.5328,-37.3814
IIL_ICEBERG4,20230821030000,-52.536,-37.3826
IIL_ICEBERG4,20230821040000,-52.5392,-37.3833
IIL_ICEBERG4,20230821050000,-52.5424,-37.3835
IIL_ICEBERG4,20230821060000,-52.5456,-37.3832
IIL_ICEBERG4,20230821070000,-52.5487,-37.3823
IIL_ICEBERG4,20230821080000,-52.5517,-37.381
IIL_ICEBERG4,20230821090000,-52.5546,-37.3793
IIL_ICEBERG4,20230821100000,-52.5573,-37.3772
IIL_ICEBERG4,20230821110000,-52.5598,-37.3748
IIL_ICEBERG4,20230821120000,-52.5621,-37.3722
IIL_ICEBERG4,20230821130000,-52.5643,-37.3694
IIL_ICEBERG4,20230821140000,-52.5663,-37.3664
IIL_ICEBERG4,20230821150000,-52.5681,-37.3634
IIL_ICEBERG4,20230821160000,-52.5698,-37.3603
IIL_ICEBERG4,20230821170000,-52.5714,-37.3573
IIL_ICEBERG4,20230821180000,-52.573,-37.3544
IIL_ICEBERG4,20230821190000,-52.5745,-37.3517
IIL_ICEBERG4,20230821200000,-52.576,-37.3492
IIL_ICEBERG4,20230821210000,-52.5776,-37.347
IIL_ICEBERG4,20230821220000,-52.5794,-37.3451
IIL_ICEBERG4,20230821230000,-52.5814,-37.3435
IIL_ICEBERG4,20230822000000,-52.5836,-37.3422
IIL_ICEBERG4,20230822010000,-52.5861,-37.3413
IIL_ICEBERG4,20230822020000,-52.5888,-37.3405
IIL_ICEBERG4,20230822030000,-52.5919,-37.3398
IIL_ICEBERG4,20230822040000,-52.5952,-37.3393
IIL_ICEBERG4,20230822050000,-52.5987,-37.3387
IIL_ICEBERG4,20230822060000,-52.6025,-37.3381
IIL_ICEBERG4,20230822070000,-52.6065,-37.3374
IIL_ICEBERG4,20230822080000,-52.6106,-37.3366
IIL_ICEBERG4,20230822090000,-52.615,-37.3357
IIL_ICEBERG4,20230822100000,-52.6195,-37.3347
IIL_ICEBERG4,20230822110000,-52.6242,-37.3335
IIL_ICEBERG4,20230822120000,-52.629,-37.3321
IIL_ICEBERG5,20230818120000,-54.29,-38.08
IIL_ICEBERG5,20230818130000,-54.291,-38.0855
IIL_ICEBERG5,20230818140000,-54.292,-38.0908
IIL_ICEBERG5,20230818150000,-54.2929,-38.0958
IIL_ICEBERG5,20230818160000,-54.2939,-38.1006
IIL_ICEBERG5,20230818170000,-54.2948,-38.1051
IIL_ICEBERG5,20230818180000,-54.2957,-38.1094
IIL_ICEBERG5,20230818190000,-54.2966,-38.1133
IIL_ICEBERG5,20230818200000,-54.2974,-38.117
IIL_ICEBERG5,20230818210000,-54.2981,-38.1204
IIL_ICEBERG5,20230818220000,-54.2987,-38.1236
IIL_ICEBERG5,20230818230000,-54.2991,-38.1266
IIL_ICEBERG5,20230819000000,-54.2994,-38.1295
IIL_ICEBERG5,20230819010000,-54.2996,-38.1322
IIL_ICEBERG5,20230819020000,-54.2996,-38.1349
IIL_ICEBERG5,20230819030000,-54.2996,-38.1376
IIL_ICEBERG5,20230819040000,-54.2994,-38.1403
IIL_ICEBERG5,20230819050000,-54.2993,-38.1431
IIL_ICEBERG5,20230819060000,-54.2991,-38.146
IIL_ICEBERG5,20230819070000,-54.299,-38.149
IIL_ICEBERG5,20230819080000,-54.2989,-38.152
IIL_ICEBERG5,20230819090000,-54.2989,-38.1551
IIL_ICEBERG5,20230819100000,-54.299,-38.1582
IIL_ICEBERG5,20230819110000,-54.2992,-38.1612
IIL_ICEBERG5,20230819120000,-54.2995,-38.1642
IIL_ICEBERG5,20230819130000,-54.2999,-38.1671
IIL_ICEBERG5,20230819140000,-54.3004,-38.1699
IIL_ICEBERG5,20230819150000,-54.301,-38.1726
IIL_ICEBERG5,20230819160000,-54.3018,-38.175
IIL_ICEBERG5,20230819170000,-54.3026,-38.1773
IIL_ICEBERG5,20230819180000,-54.3035,-38.1793
IIL_ICEBERG5,20230819190000,-54.3046,-38.1809
IIL_ICEBERG5,20230819200000,-54.3059,-38.182
IIL_ICEBERG5,20230819210000,-54.3073,-38.1826
IIL_ICEBERG5,20230819220000,-54.3088,-38.1826
IIL_ICEBERG5,20230819230000,-54.3102,-38.1821
IIL_ICEBERG5,20230820000000,-54.3115,-38.1811
IIL_ICEBERG5,20230820010000,-54.3125,-38.1795
IIL_ICEBERG5,20230820020000,-54.3134,-38.1777
IIL_ICEBERG5,20230820030000,-54.3139,-38.1757
IIL_ICEBERG5,20230820040000,-54.3142,-38.1736
IIL_ICEBERG5,20230820050000,-54.3141,-38.1717
IIL_ICEBERG5,20230820060000,-54.3139,-38.1699
IIL_ICEBERG5,20230820070000,-54.3134,-38.1685
IIL_ICEBERG5,20230820080000,-54.3128,-38.1675
IIL_ICEBERG5,20230820090000,-54.3121,-38.167
IIL_ICEBERG5,20230820100000,-54.3114,-38.1667
IIL_ICEBERG5,20230820110000,-54.3108,-38.1669
IIL_ICEBERG5,20230820120000,-54.3104,-38.1673
IIL_ICEBERG5,20230820130000,-54.3101,-38.1678
IIL_ICEBERG5,20230820140000,-54.3101,-38.1684
IIL_ICEBERG5,20230820150000,-54.3104,-38.1689
IIL_ICEBERG5,20230820160000,-54.3108,-38.1691
IIL_ICEBERG5,20230820170000,-54.3113,-38.169
IIL_ICEBERG5,20230820180000,-54.3118,-38.1686
IIL_ICEBERG5,20230820190000,-54.3124,-38.1678
IIL_ICEBERG5,20230820200000,-54.3128,-38.1668
IIL_ICEBERG5,20230820210000,-54.3131,-38.1656
IIL_ICEBERG5,20230820220000,-54.3132,-38.1643
IIL_ICEBERG5,20230820230000,-54.3132,-38.1629
IIL_ICEBERG5,20230821000000,-54.3131,-38.1616
IIL_ICEBERG5,20230821010000,-54.3128,-38.1604
IIL_ICEBERG5,20230821020000,-54.3124,-38.1594
IIL_ICEBERG5,20230821030000,-54.312,-38.1586
IIL_ICEBERG5,20230821040000,-54.3115,-38.158
IIL_ICEBERG5,20230821050000,-54.3111,-38.1577
IIL_ICEBERG5,20230821060000,-54.3108,-38.1576
IIL_ICEBERG5,20230821070000,-54.3107,-38.1577
IIL_ICEBERG5,20230821080000,-54.3107,-38.1578
IIL_ICEBERG5,20230821090000,-54.3109,-38.1579
IIL_ICEBERG5,20230821100000,-54.3113,-38.1579
IIL_ICEBERG5,20230821110000,-54.3117,-38.1576
IIL_ICEBERG5,20230821120000,-54.3123,-38.1571
IIL_ICEBERG5,20230821130000,-54.3129,-38.1563
IIL_ICEBERG5,20230821140000,-54.3136,-38.1553
IIL_ICEBERG5,20230821150000,-54.3144,-38.1541
IIL_ICEBERG5,20230821160000,-54.3151,-38.1526
IIL_ICEBERG5,20230821170000,-54.3159,-38.1509
IIL_ICEBERG5,20230821180000,-54.3165,-38.1491
IIL_ICEBERG5,20230821190000,-54.3171,-38.1471
IIL_ICEBERG5,20230821200000,-54.3175,-38.1451
IIL_ICEBERG5,20230821210000,-54.3179,-38.1431
IIL_ICEBERG5,20230821220000,-54.3182,-38.1411
IIL_ICEBERG5,20230821230000,-54.3185,-38.1391
IIL_ICEBERG5,20230822000000,-54.3188,-38.1371
IIL_ICEBERG5,20230822010000,-54.3191,-38.1351
IIL_ICEBERG5,20230822020000,-54.3194,-38.1333
IIL_ICEBERG5,20230822030000,-54.3198,-38.1314
IIL_ICEBERG5,20230822040000,-54.3202,-38.1297
IIL_ICEBERG5,20230822050000,-54.3207,-38.1279
IIL_ICEBERG5,20230822060000,-54.3213,-38.1261
IIL_ICEBERG5,20230822070000,-54.3219,-38.1243
IIL_ICEBERG5,20230822080000,-54.3227,-38.1225
IIL_ICEBERG5,20230822090000,-54.3235,-38.1205
IIL_ICEBERG5,20230822100000,-54.3243,-38.1187
IIL_ICEBERG5,20230822110000,-54.3253,-38.1169
IIL_ICEBERG5,20230822120000,-54.3263,-38.1153
IIL_ICEBERG6,20230818120000,-53.14,-36.35
IIL_ICEBERG6,20230818130000,-53.1367,-36.3583
IIL_ICEBERG6,20230818140000,-53.1334,-36.3665
IIL_ICEBERG6,20230818150000,-53.1303,-36.3748
IIL_ICEBERG6,20230818160000,-53.1273,-36.3831
IIL_ICEBERG6,20230818170000,-53.1243,-36.3913
IIL_ICEBERG6,20230818180000,-53.1215,-36.3994
IIL_ICEBERG6,20230818190000,-53.1188,-36.4076
IIL_ICEBERG6,20230818200000,-53.1163,-36.4156
IIL_ICEBERG6,20230818210000,-53.1139,-36.4236
IIL_ICEBERG6,20230818220000,-53.1116,-36.4315
IIL_ICEBERG6,20230818230000,-53.1095,-36.4393
IIL_ICEBERG6,20230819000000,-53.1075,-36.447
IIL_ICEBERG6,20230819010000,-53.1057,-36.4546
IIL_ICEBERG6,20230819020000,-53.1041,-36.462
IIL_ICEBERG6,20230819030000,-53.1026,-36.4692
IIL_ICEBERG6,20230819040000,-53.1013,-36.4763
IIL_ICEBERG6,20230819050000,-53.1002,-36.4831
IIL_ICEBERG6,20230819060000,-53.0992,-36.4897
IIL_ICEBERG6,20230819070000,-53.0984,-36.496
IIL_ICEBERG6,20230819080000,-53.0981,-36.5022
IIL_ICEBERG6,20230819090000,-53.0981,-36.5081
IIL_ICEBERG6,20230819100000,-53.0984,-36.5135
IIL_ICEBERG6,20230819110000,-53.0991,-36.5184
IIL_ICEBERG6,20230819120000,-53.1,-36.5228
IIL_ICEBERG6,20230819130000,-53.1012,-36.5264
IIL_ICEBERG6,20230819140000,-53.1025,-36.5292
IIL_ICEBERG6,20230819150000,-53.1039,-36.531
IIL_ICEBERG6,20230819160000,-53.1051,-36.5319
IIL_ICEBERG6,20230819170000,-53.1061,-36.5316
IIL_ICEBERG6,20230819180000,-53.1065,-36.5302
IIL_ICEBERG6,20230819190000,-53.1062,-36.5284
IIL_ICEBERG6,20230819200000,-53.1052,-36.5264
IIL_ICEBERG6,20230819210000,-53.1037,-36.5246
IIL_ICEBERG6,20230819220000,-53.1018,-36.5231
IIL_ICEBERG6,20230819230000,-53.0996,-36.522
IIL_ICEBERG6,20230820000000,-53.0971,-36.5213
IIL_ICEBERG6,20230820010000,-53.0944,-36.5211
IIL_ICEBERG6,20230820020000,-53.0916,-36.5214
IIL_ICEBERG6,20230820030000,-53.0888,-36.5222
IIL_ICEBERG6,20230820040000,-53.0859,-36.5235
IIL_ICEBERG6,20230820050000,-53.0831,-36.5252
IIL_ICEBERG6,20230820060000,-53.0805,-36.5274
IIL_ICEBERG6,20230820070000,-53.0779,-36.53
IIL_ICEBERG6,20230820080000,-53.0755,-36.5331
IIL_ICEBERG6,20230820090000,-53.0733,-36.5366
IIL_ICEBERG6,20230820100000,-53.0713,-36.5405
IIL_ICEBERG6,20230820110000,-53.0696,-36.5447
IIL_ICEBERG6,20230820120000,-53.0682,-36.5492
IIL_ICEBERG6,20230820130000,-53.0672,-36.5537
IIL_ICEBERG6,20230820140000,-53.0664,-36.5583
IIL_ICEBERG6,20230820150000,-53.066,-36.5629
IIL_ICEBERG6,20230820160000,-53.0659,-36.5674
IIL_ICEBERG6,20230820170000,-53.0661,-36.5716
IIL_ICEBERG6,20230820180000,-53.0666,-36.5755
IIL_ICEBERG6,20230820190000,-53.0674,-36.5791
IIL_ICEBERG6,20230820200000,-53.0684,-36.5822
IIL_ICEBERG6,20230820210000,-53.0695,-36.5848
IIL_ICEBERG6,20230820220000,-53.0707,-36.5868
IIL_ICEBERG6,20230820230000,-53.0719,-36.5883
IIL_ICEBERG6,20230821000000,-53.0731,-36.5891
IIL_ICEBERG6,20230821010000,-53.0741,-36.5893
IIL_ICEBERG6,20230821020000,-53.0747,-36.589
IIL_ICEBERG6,20230821030000,-53.075,-36.5882
IIL_ICEBERG6,20230821040000,-53.0747,-36.5872
IIL_ICEBERG6,20230821050000,-53.074,-36.5864
IIL_ICEBERG6,20230821060000,-53.073,-36.5859
IIL_ICEBERG6,20230821070000,-53.0718,-36.5858
IIL_ICEBERG6,20230821080000,-53.0704,-36.5861
IIL_ICEBERG6,20230821090000,-53.069,-36.5868
IIL_ICEBERG6,20230821100000,-53.0676,-36.5879
IIL_ICEBERG6,20230821110000,-53.0663,-36.5894
IIL_ICEBERG6,20230821120000,-53.0652,-36.5914
IIL_ICEBERG6,20230821130000,-53.0643,-36.5936
IIL_ICEBERG6,20230821140000,-53.0636,-36.5961
IIL_ICEBERG6,20230821150000,-53.0633,-36.5987
IIL_ICEBERG6,20230821160000,-53.0634,-36.6013
IIL_ICEBERG6,20230821170000,-53.0638,-36.6037
IIL_ICEBERG6,20230821180000,-53.0646,-36.606
IIL_ICEBERG6,20230821190000,-53.0656,-36.6078
IIL_ICEBERG6,20230821200000,-53.0669,-36.6093
IIL_ICEBERG6,20230821210000,-53.0683,-36.6103
IIL_ICEBERG6,20230821220000,-53.0698,-36.6109
IIL_ICEBERG6,20230821230000,-53.0714,-36.6111
IIL_ICEBERG6,20230822000000,-53.073,-36.6109
IIL_ICEBERG6,20230822010000,-53.0746,-36.6104
IIL_ICEBERG6,20230822020000,-53.0762,-36.6096
IIL_ICEBERG6,20230822030000,-53.0777,-36.6087
IIL_ICEBERG6,20230822040000,-53.0792,-36.6076
IIL_ICEBERG6,20230822050000,-53.0806,-36.6064
IIL_ICEBERG6,20230822060000,-53.082,-36.6053
IIL_ICEBERG6,20230822070000,-53.0833,-36.6041
IIL_ICEBERG6,20230822080000,-53.0846,-36.6031
IIL_ICEBERG6,20230822090000,-53.0859,-36.6023
IIL_ICEBERG6,20230822100000,-53.0873,-36.6017
IIL_ICEBERG6,20230822110000,-53.0887,-36.6012
IIL_ICEBERG6,20230822120000,-53.0903,-36.601
